"","f.value","p.value","-log10(p)","FDR","Fisher's LSD"
"CHOYP_OGFD1.1.1m.10563",1.0469e+30,9.8354e-207,206.01,4.1023e-203,"3 - 11; 3 - 13; 3 - 15; 3 - 5; 3 - 7; 3 - 9"
"CHOYP_MYS3.1.2m.31829",1.0469e+30,9.8354e-207,206.01,4.1023e-203,"3 - 11; 3 - 13; 3 - 15; 3 - 5; 3 - 7; 3 - 9"
"CHOYP_NEUL4.2.2m.54340",79,5.4725e-10,9.2618,1.5217e-06,"3 - 11; 3 - 13; 3 - 15; 3 - 5; 3 - 7; 3 - 9"
"CHOYP_CBG11254.1.1m.9107",60.063,3.4448e-09,8.4628,7.1841e-06,"3 - 11; 3 - 13; 3 - 15; 3 - 5; 3 - 7; 3 - 9"
"CHOYP_contig_045550m.53021",34.436,1.3308e-07,6.8759,0.00022203,"11 - 3; 7 - 11; 9 - 11; 13 - 3; 7 - 13; 9 - 13; 15 - 3; 5 - 15; 7 - 15; 9 - 15; 5 - 3; 7 - 3; 9 - 3; 7 - 5; 9 - 5; 7 - 9"
"CHOYP_CRYAB.1.5m.2659",29.748,3.3985e-07,6.4687,0.00040804,"3 - 11; 5 - 11; 7 - 11; 3 - 13; 5 - 13; 3 - 15; 5 - 15; 3 - 7; 3 - 9; 5 - 7; 5 - 9"
"CHOYP_ATS6.3.3m.56109",29.713,3.424e-07,6.4655,0.00040804,"3 - 11; 5 - 11; 7 - 11; 3 - 13; 5 - 13; 7 - 13; 3 - 15; 5 - 15; 7 - 15; 3 - 7; 3 - 9; 5 - 7; 5 - 9; 7 - 9"
"CHOYP_LOC664138.1.1m.26660",28.769,4.204e-07,6.3763,0.00043838,"3 - 11; 3 - 13; 3 - 15; 3 - 5; 3 - 7; 3 - 9"
"CHOYP_LOC100370738.1.1m.30463",27.615,5.4475e-07,6.2638,0.00048858,"3 - 11; 5 - 11; 3 - 13; 5 - 13; 3 - 15; 5 - 15; 3 - 5; 3 - 7; 3 - 9; 5 - 7; 5 - 9"
"CHOYP_contig_024012m.27306",27.3,5.8569e-07,6.2323,0.00048858,"3 - 11; 5 - 11; 3 - 13; 5 - 13; 3 - 15; 5 - 15; 3 - 5; 3 - 7; 3 - 9; 5 - 7; 5 - 9"
"CHOYP_contig_023724m.26984",25.937,8.0872e-07,6.0922,0.00057241,"3 - 11; 5 - 11; 7 - 11; 9 - 11; 3 - 13; 5 - 13; 7 - 13; 9 - 13; 3 - 15; 5 - 15; 7 - 15; 3 - 9; 5 - 9; 7 - 9"
"CHOYP_LOC100378410.1.1m.18106",25.862,8.2341e-07,6.0844,0.00057241,"3 - 11; 5 - 11; 7 - 11; 3 - 13; 5 - 13; 7 - 13; 3 - 15; 5 - 15; 7 - 15; 5 - 3; 7 - 3; 3 - 9; 5 - 9; 7 - 9"
"CHOYP_RCOM_1886900.1.1m.11248",25.44,9.1306e-07,6.0395,0.0005859,"3 - 11; 5 - 11; 3 - 13; 5 - 13; 3 - 15; 5 - 15; 3 - 5; 3 - 7; 3 - 9; 5 - 7; 5 - 9"
"CHOYP_BRAFLDRAFT_127065.6.7m.30727",24.321,1.2095e-06,5.9174,0.00070573,"3 - 11; 5 - 11; 3 - 13; 5 - 13; 3 - 15; 5 - 15; 3 - 5; 3 - 7; 3 - 9; 5 - 7; 5 - 9"
"CHOYP_ISCW_ISCW019177.2.4m.56600",24.134,1.269e-06,5.8965,0.00070573,"3 - 11; 5 - 11; 3 - 13; 3 - 15; 3 - 5; 3 - 7; 3 - 9"
"CHOYP_LOC101439509.1.1m.65851",23.843,1.3685e-06,5.8637,0.00071351,"3 - 11; 5 - 11; 7 - 11; 9 - 11; 3 - 13; 5 - 13; 7 - 13; 9 - 13; 3 - 15; 5 - 15; 7 - 15; 9 - 15; 3 - 9; 5 - 9; 7 - 9"
"CHOYP_LOC100168209.1.1m.26697",21.996,2.2551e-06,5.6468,0.0011066,"11 - 15; 3 - 11; 5 - 11; 7 - 11; 9 - 11; 13 - 15; 3 - 13; 5 - 13; 7 - 13; 9 - 13; 3 - 15; 5 - 15; 7 - 15; 9 - 15; 3 - 9"
"CHOYP_NF70.4.4m.63507",21.542,2.5636e-06,5.5911,0.0011881,"3 - 11; 5 - 11; 7 - 11; 9 - 11; 15 - 13; 3 - 13; 5 - 13; 7 - 13; 9 - 13; 3 - 15; 5 - 15; 9 - 15; 3 - 7; 3 - 9; 5 - 7; 5 - 9"
"CHOYP_contig_055406m.66084",21.259,2.7807e-06,5.5558,0.0012107,"3 - 11; 7 - 11; 9 - 11; 3 - 13; 7 - 13; 9 - 13; 3 - 15; 7 - 15; 9 - 15; 3 - 5; 3 - 7; 3 - 9; 7 - 5; 9 - 5; 7 - 9"
"CHOYP_LOC101171340.1.1m.29474",21.033,2.9696e-06,5.5273,0.0012107,"5 - 11; 7 - 11; 9 - 11; 5 - 13; 7 - 13; 9 - 13; 5 - 15; 7 - 15; 9 - 15; 5 - 3; 7 - 3; 9 - 3; 7 - 5; 9 - 5"
"CHOYP_contig_048973m.58107",20.944,3.0478e-06,5.516,0.0012107,"3 - 11; 3 - 13; 3 - 15; 3 - 5; 3 - 7; 3 - 9"
"CHOYP_DSIM_GD24875.1.1m.66201",20.761,3.2157e-06,5.4927,0.0012193,"3 - 11; 5 - 11; 7 - 11; 3 - 13; 5 - 13; 7 - 13; 3 - 15; 5 - 15; 7 - 15; 3 - 7; 3 - 9; 5 - 7; 5 - 9"
"CHOYP_DPSE_GA28568.5.9m.33670",20.375,3.6065e-06,5.4429,0.001308,"13 - 11; 13 - 15; 13 - 3; 13 - 5; 13 - 7; 13 - 9"
"CHOYP_LOC494408.1.1m.29208",19.656,4.4883e-06,5.3479,0.0015601,"3 - 11; 5 - 11; 3 - 13; 5 - 13; 3 - 15; 3 - 5; 3 - 7; 3 - 9; 5 - 7"
"CHOYP_LOC577338.1.1m.9819",19.333,4.9626e-06,5.3043,0.0016559,"3 - 11; 5 - 11; 15 - 13; 3 - 13; 5 - 13; 3 - 15; 5 - 15; 15 - 7; 15 - 9; 3 - 7; 3 - 9; 5 - 7; 5 - 9"
"CHOYP_contig_026700m.30399",18.851,5.7825e-06,5.2379,0.0018553,"3 - 11; 5 - 11; 3 - 13; 5 - 13; 3 - 15; 5 - 15; 3 - 5; 3 - 7; 3 - 9; 5 - 7; 5 - 9"
"CHOYP_ADAMTS16.1.1m.28149",17.672,8.5263e-06,5.0692,0.0026127,"3 - 11; 5 - 11; 7 - 11; 3 - 13; 5 - 13; 7 - 13; 3 - 15; 5 - 15; 7 - 15; 3 - 7; 3 - 9; 5 - 7; 5 - 9; 7 - 9"
"CHOYP_LOC100872507.1.1m.21152",17.589,8.7695e-06,5.057,0.0026127,"13 - 11; 15 - 11; 13 - 3; 13 - 5; 13 - 7; 13 - 9; 15 - 3; 15 - 5; 15 - 7; 15 - 9"
"CHOYP_PHUM_PHUM009400.1.1m.35298",17.203,1.0011e-05,4.9995,0.0028796,"3 - 11; 5 - 11; 7 - 11; 9 - 11; 3 - 13; 5 - 13; 7 - 13; 9 - 13; 3 - 15; 5 - 15; 7 - 15; 9 - 15; 3 - 5; 3 - 7; 3 - 9"
"CHOYP_BRAFLDRAFT_105037.1.1m.17483",17.098,1.0381e-05,4.9838,0.0028866,"3 - 11; 5 - 11; 3 - 13; 5 - 13; 3 - 15; 5 - 15; 3 - 5; 3 - 7; 3 - 9; 5 - 7; 5 - 9"
"CHOYP_LOC100371575.1.1m.10551",16.504,1.2806e-05,4.8926,0.0033926,"3 - 11; 7 - 11; 9 - 11; 3 - 13; 7 - 13; 9 - 13; 3 - 15; 7 - 15; 9 - 15; 7 - 3; 7 - 5; 7 - 9"
"CHOYP_contig_026959m.30676",16.459,1.3014e-05,4.8856,0.0033926,"3 - 11; 3 - 13; 3 - 15; 3 - 5; 3 - 7; 3 - 9"
"CHOYP_ACA1_091870.1.1m.43726",16.029,1.5221e-05,4.8176,0.0038477,"3 - 11; 5 - 11; 7 - 11; 9 - 11; 3 - 13; 5 - 13; 7 - 13; 3 - 15; 5 - 15; 7 - 15; 9 - 15; 3 - 9; 5 - 9; 7 - 9"
"CHOYP_contig_026129m.29781",15.884,1.6053e-05,4.7945,0.0039385,"3 - 11; 5 - 11; 3 - 13; 5 - 13; 3 - 15; 5 - 15; 3 - 5; 3 - 7; 3 - 9; 5 - 7; 5 - 9"
"CHOYP_ISCW_ISCW017709.1.1m.30040",15.769,1.6754e-05,4.7759,0.0039933,"3 - 11; 5 - 11; 7 - 11; 9 - 11; 3 - 13; 5 - 13; 7 - 13; 9 - 13; 3 - 15; 5 - 15; 7 - 15; 9 - 15; 3 - 9; 5 - 9"
"CHOYP_PEAR1.8.16m.41400",15.197,2.0802e-05,4.6819,0.0048204,"3 - 11; 5 - 11; 7 - 11; 3 - 13; 5 - 13; 7 - 13; 3 - 15; 5 - 15; 7 - 15; 3 - 7; 3 - 9; 5 - 7; 5 - 9"
"CHOYP_CERS6.1.1m.5214",14.722,2.503e-05,4.6015,0.0056433,"13 - 11; 15 - 11; 5 - 11; 7 - 11; 9 - 11; 13 - 3; 15 - 3; 5 - 3; 7 - 3; 9 - 3"
"CHOYP_LOC589952.3.5m.29284",14.51,2.7232e-05,4.5649,0.0059781,"3 - 11; 3 - 13; 3 - 15; 3 - 5; 3 - 7; 3 - 9"
"CHOYP_contig_025679m.29295",14.317,2.9421e-05,4.5313,0.0062931,"3 - 11; 3 - 13; 3 - 15; 3 - 5; 3 - 7; 3 - 9"
"CHOYP_contig_023887m.27194",14.191,3.0968e-05,4.5091,0.0064583,"3 - 11; 5 - 11; 7 - 11; 9 - 11; 3 - 13; 5 - 13; 7 - 13; 9 - 13; 3 - 15; 5 - 15; 7 - 15; 9 - 15; 5 - 3"
"CHOYP_contig_023710m.26965",14.095,3.2203e-05,4.4921,0.0065516,"3 - 11; 5 - 11; 7 - 11; 9 - 11; 3 - 13; 5 - 13; 7 - 13; 9 - 13; 3 - 15; 5 - 15; 7 - 15; 9 - 15"
"CHOYP_MSI2H.3.3m.35858",14.036,3.2986e-05,4.4817,0.0065516,"3 - 11; 5 - 11; 7 - 11; 3 - 13; 5 - 13; 7 - 13; 3 - 15; 5 - 15; 7 - 15; 3 - 5; 3 - 7; 3 - 9; 5 - 9"
"CHOYP_BRAFLDRAFT_71616.2.3m.27171",13.909,3.4761e-05,4.4589,0.0067437,"3 - 11; 3 - 13; 3 - 15; 3 - 5; 3 - 7; 3 - 9"
"CHOYP_contig_016370m.19270",13.791,3.6498e-05,4.4377,0.0068007,"15 - 11; 15 - 13; 15 - 3; 15 - 5; 15 - 7; 15 - 9"
"CHOYP_LOC100555907.1.1m.27452",13.766,3.6879e-05,4.4332,0.0068007,"3 - 11; 5 - 11; 3 - 13; 5 - 13; 3 - 15; 5 - 15; 3 - 5; 3 - 7; 3 - 9; 5 - 7; 5 - 9"
"CHOYP_contig_015430m.17979",13.699,3.7931e-05,4.421,0.0068007,"3 - 11; 5 - 11; 7 - 11; 3 - 13; 5 - 13; 7 - 13; 9 - 13; 3 - 15; 5 - 15; 7 - 15; 9 - 15; 5 - 9"
"CHOYP_BRAFLDRAFT_130131.1.1m.11020",13.675,3.8316e-05,4.4166,0.0068007,"5 - 11; 7 - 11; 9 - 11; 5 - 13; 7 - 13; 9 - 13; 5 - 15; 7 - 15; 9 - 15; 5 - 3; 7 - 3; 9 - 3; 7 - 5; 7 - 9"
"CHOYP_contig_038513m.43619",13.5,4.1245e-05,4.3846,0.0071681,"13 - 11; 11 - 3; 11 - 5; 11 - 7; 11 - 9; 13 - 3; 13 - 5; 13 - 7; 13 - 9; 15 - 3; 15 - 5; 15 - 7; 15 - 9"
"CHOYP_LOC101064693.1.2m.30288",13.353,4.39e-05,4.3575,0.0074738,"3 - 11; 3 - 13; 3 - 15; 3 - 5; 3 - 7; 3 - 9"
"CHOYP_CPVL.1.2m.2978",13.057,4.988e-05,4.3021,0.008322,"11 - 13; 11 - 3; 11 - 5; 11 - 7; 11 - 9; 15 - 13; 15 - 3; 15 - 5; 15 - 7; 15 - 9"
"CHOYP_BRAFLDRAFT_127466.1.1m.62415",12.967,5.1876e-05,4.285,0.0084853,"3 - 11; 5 - 11; 7 - 11; 9 - 11; 3 - 13; 5 - 13; 7 - 13; 3 - 15; 5 - 15; 7 - 15; 9 - 15; 3 - 9; 5 - 9; 7 - 9"
"CHOYP_BRAFLDRAFT_281651.5.8m.25278",12.674,5.9056e-05,4.2287,0.0094739,"3 - 11; 3 - 13; 3 - 15; 3 - 5; 3 - 7; 3 - 9"
"CHOYP_LOC100120123.1.1m.12979",12.559,6.2145e-05,4.2066,0.0096208,"3 - 11; 5 - 11; 7 - 11; 9 - 11; 3 - 13; 5 - 13; 7 - 13; 3 - 15; 5 - 15; 7 - 15; 3 - 9"
"CHOYP_BRAFLDRAFT_89746.1.2m.29425",12.548,6.2457e-05,4.2044,0.0096208,"3 - 11; 5 - 11; 7 - 11; 3 - 13; 5 - 13; 7 - 13; 3 - 15; 5 - 15; 7 - 15; 3 - 9; 5 - 9; 7 - 9"
"CHOYP_RPZ3.1.1m.26308",12.514,6.3432e-05,4.1977,0.0096208,"3 - 11; 5 - 11; 3 - 13; 5 - 13; 3 - 15; 5 - 15; 3 - 5; 3 - 7; 3 - 9; 5 - 7; 5 - 9"
"CHOYP_LOC564392.1.1m.29701",12.321,6.9208e-05,4.1598,0.0098934,"5 - 11; 7 - 11; 5 - 13; 7 - 13; 9 - 13; 5 - 15; 7 - 15; 5 - 3; 7 - 3; 7 - 5; 7 - 9"
"CHOYP_LOC663155.1.1m.62768",12.287,7.0292e-05,4.1531,0.0098934,"3 - 11; 5 - 11; 7 - 11; 9 - 11; 3 - 13; 5 - 13; 7 - 13; 9 - 13; 3 - 15; 5 - 15; 7 - 15; 9 - 15; 3 - 7; 3 - 9"
"CHOYP_RNF17.1.1m.17312",12.25,7.1503e-05,4.1457,0.0098934,"3 - 11; 3 - 13; 3 - 15; 3 - 5; 3 - 7; 3 - 9"
"CHOYP_contig_008307m.9640",12.25,7.1503e-05,4.1457,0.0098934,"3 - 11; 3 - 13; 3 - 15; 3 - 5; 3 - 7; 3 - 9"
"CHOYP_contig_039283m.44494",12.25,7.1503e-05,4.1457,0.0098934,"3 - 11; 3 - 13; 3 - 15; 3 - 5; 3 - 7; 3 - 9"
"CHOYP_contig_007998m.9259",12.224,7.2345e-05,4.1406,0.0098934,"3 - 11; 3 - 13; 3 - 15; 3 - 5; 3 - 7; 3 - 9"
"CHOYP_TRIADDRAFT_53531.1.2m.12127",12.091,7.6938e-05,4.1139,0.010352,"3 - 11; 5 - 11; 7 - 11; 3 - 13; 5 - 13; 7 - 13; 9 - 13; 3 - 15; 5 - 15; 7 - 15; 9 - 15; 3 - 9; 5 - 9"
"CHOYP_BRAFLDRAFT_151236.1.1m.30653",11.982,8.0924e-05,4.0919,0.010715,"3 - 11; 5 - 11; 3 - 13; 5 - 13; 3 - 15; 5 - 15; 3 - 5; 3 - 7; 3 - 9; 5 - 7; 5 - 9"
"CHOYP_LOC100377195.1.2m.28624",11.879,8.4899e-05,4.0711,0.011048,"3 - 11; 5 - 11; 3 - 13; 5 - 13; 3 - 15; 5 - 15; 3 - 7; 3 - 9; 5 - 9"
"CHOYP_LOC100375913.1.1m.9170",11.838,8.6565e-05,4.0627,0.011048,"3 - 11; 5 - 11; 7 - 11; 3 - 13; 5 - 13; 7 - 13; 3 - 15; 5 - 15; 7 - 15; 3 - 9; 5 - 9; 7 - 9"
"CHOYP_contig_032567m.37185",11.817,8.7409e-05,4.0584,0.011048,"3 - 11; 5 - 11; 7 - 11; 3 - 13; 5 - 13; 7 - 13; 3 - 15; 5 - 15; 7 - 15; 3 - 9; 5 - 7; 5 - 9; 7 - 9"
"CHOYP_SSPO.6.14m.26542",11.728,9.1165e-05,4.0402,0.011351,"3 - 11; 3 - 13; 3 - 15; 5 - 15; 3 - 5; 3 - 7; 3 - 9"
"CHOYP_ZYRO0F11880G.1.1m.7082",11.674,9.3532e-05,4.029,0.011474,"3 - 11; 5 - 11; 7 - 11; 3 - 13; 5 - 13; 7 - 13; 3 - 15; 5 - 15; 7 - 15; 9 - 15; 7 - 9"
"CHOYP_LOC100313664.1.1m.37913",11.566,9.8478e-05,4.0067,0.011749,"3 - 11; 5 - 11; 7 - 11; 3 - 13; 3 - 15; 5 - 15; 7 - 15; 3 - 5; 3 - 7; 3 - 9; 5 - 9"
"CHOYP_contig_026477m.30166",11.564,9.8591e-05,4.0062,0.011749,"3 - 11; 3 - 13; 3 - 15; 3 - 5; 3 - 7; 3 - 9"
"CHOYP_ACIN1A.2.2m.51408",11.475,0.0001029,3.9876,0.01209,"13 - 11; 15 - 11; 3 - 11; 5 - 11; 7 - 11; 9 - 11; 13 - 15; 13 - 3; 13 - 5; 7 - 15; 7 - 3; 7 - 5; 9 - 5"
"CHOYP_LOC100175722.1.3m.11427",11.135,0.00012143,3.9157,0.014069,"3 - 11; 3 - 13; 3 - 15; 3 - 5; 3 - 7; 3 - 9"
"CHOYP_contig_026696m.30395",11.095,0.00012386,3.9071,0.014154,"3 - 11; 3 - 13; 3 - 15; 3 - 5; 3 - 7; 3 - 9"
"CHOYP_contig_018822m.22082",11.025,0.00012822,3.892,0.014442,"3 - 11; 5 - 11; 7 - 11; 9 - 11; 3 - 13; 5 - 13; 7 - 13; 3 - 15; 5 - 15; 7 - 15; 9 - 15; 5 - 9; 7 - 9"
"CHOYP_RHG07.1.1m.14019",11,0.00012985,3.8866,0.014442,"3 - 11; 5 - 11; 3 - 13; 5 - 13; 3 - 15; 5 - 15; 3 - 7; 3 - 9; 5 - 7; 5 - 9"
"CHOYP_contig_027304m.31034",10.898,0.00013667,3.8643,0.015001,"3 - 11; 3 - 13; 3 - 15; 3 - 5; 3 - 7; 3 - 9"
"CHOYP_LOC100379027.1.1m.27022",10.819,0.00014216,3.8472,0.015401,"3 - 11; 5 - 11; 7 - 11; 9 - 11; 3 - 13; 5 - 13; 7 - 13; 9 - 13; 3 - 15; 5 - 15; 7 - 15; 9 - 15; 5 - 9"
"CHOYP_LOC100376067.3.3m.62990",10.659,0.0001542,3.8119,0.016491,"3 - 11; 5 - 11; 3 - 13; 5 - 13; 3 - 15; 5 - 15; 3 - 5; 3 - 7; 3 - 9; 5 - 9"
"CHOYP_LOC100378430.1.1m.63142",10.487,0.0001684,3.7737,0.017782,"3 - 11; 3 - 13; 5 - 13; 3 - 15; 5 - 15; 3 - 5; 3 - 7; 3 - 9"
"CHOYP_contig_024653m.28033",10.446,0.00017205,3.7643,0.017941,"3 - 11; 5 - 11; 7 - 11; 9 - 11; 3 - 13; 5 - 13; 7 - 13; 9 - 13; 3 - 15; 5 - 15; 7 - 15"
"CHOYP_TRIADDRAFT_55525.1.1m.53631",10.418,0.00017459,3.758,0.017981,"13 - 11; 15 - 11; 3 - 11; 5 - 11; 7 - 11; 9 - 11; 3 - 13; 5 - 13; 3 - 15; 5 - 15; 3 - 7; 3 - 9; 5 - 7; 5 - 9"
"CHOYP_BRAFLDRAFT_264461.1.1m.51481",10.34,0.00018177,3.7405,0.018012,"3 - 11; 3 - 13; 5 - 13; 7 - 13; 3 - 15; 5 - 15; 7 - 15; 3 - 5; 3 - 7; 3 - 9"
"CHOYP_SMARCA5.1.1m.31708",10.329,0.00018288,3.7378,0.018012,"3 - 11; 5 - 11; 7 - 11; 9 - 11; 3 - 13; 5 - 13; 7 - 13; 9 - 13; 3 - 15; 5 - 15; 7 - 15; 9 - 15; 3 - 7; 3 - 9"
"CHOYP_MUC21.1.1m.41811",10.329,0.00018288,3.7378,0.018012,"3 - 11; 5 - 11; 7 - 11; 3 - 13; 5 - 13; 7 - 13; 3 - 15; 5 - 15; 7 - 15; 3 - 5; 3 - 7; 3 - 9; 5 - 9"
"CHOYP_contig_038703m.43817",10.317,0.00018395,3.7353,0.018012,"3 - 11; 5 - 11; 7 - 11; 3 - 13; 5 - 13; 7 - 13; 3 - 15; 5 - 15; 7 - 15; 3 - 9; 5 - 9; 7 - 9"
"CHOYP_contig_024418m.27769",10.299,0.00018569,3.7312,0.018012,"3 - 11; 3 - 13; 3 - 15; 3 - 5; 3 - 7; 3 - 9"
"CHOYP_LOC420515.1.1m.15613",10.208,0.0001948,3.7104,0.018447,"13 - 11; 15 - 11; 15 - 13; 13 - 3; 13 - 7; 13 - 9; 15 - 3; 15 - 5; 15 - 7; 15 - 9"
"CHOYP_U728.1.1m.63184",10.159,0.00019997,3.699,0.018447,"3 - 11; 7 - 11; 3 - 13; 7 - 13; 3 - 15; 7 - 15; 3 - 5; 3 - 9; 7 - 5; 7 - 9"
"CHOYP_TMEM2.1.4m.6314",10.149,0.00020095,3.6969,0.018447,"3 - 11; 5 - 11; 7 - 11; 9 - 11; 3 - 13; 5 - 13; 7 - 13; 9 - 13; 3 - 15; 5 - 15; 7 - 15; 3 - 9"
"CHOYP_contig_025702m.29329",10.123,0.00020376,3.6909,0.018447,"3 - 11; 5 - 11; 3 - 13; 5 - 13; 3 - 15; 5 - 15; 3 - 5; 3 - 7; 3 - 9; 5 - 7; 5 - 9"
"CHOYP_LOC100366455.3.3m.28840",10.116,0.00020455,3.6892,0.018447,"3 - 11; 5 - 11; 3 - 13; 5 - 13; 3 - 15; 5 - 15; 3 - 7; 3 - 9; 5 - 7; 5 - 9"
"CHOYP_LOC100882621.1.2m.25860",10.101,0.00020621,3.6857,0.018447,"3 - 11; 9 - 11; 3 - 13; 5 - 13; 9 - 13; 3 - 15; 5 - 15; 9 - 15; 3 - 5; 3 - 7; 3 - 9"
"CHOYP_NDUFB9.1.2m.37494",10.099,0.00020635,3.6854,0.018447,"3 - 11; 5 - 11; 7 - 11; 9 - 11; 3 - 13; 5 - 13; 7 - 13; 3 - 15; 5 - 15; 7 - 15; 9 - 15; 3 - 9"
"CHOYP_contig_031126m.35509",10.086,0.00020787,3.6822,0.018447,"3 - 11; 3 - 13; 3 - 15; 3 - 5; 3 - 7; 3 - 9"
"CHOYP_ADAMTS12.1.2m.29930",10.03,0.00021411,3.6694,0.018801,"3 - 11; 3 - 13; 3 - 15; 3 - 5; 3 - 7; 3 - 9"
"CHOYP_BRAFLDRAFT_125073.1.1m.1752",9.9883,0.00021897,3.6596,0.018948,"11 - 13; 3 - 11; 11 - 7; 3 - 13; 3 - 15; 3 - 5; 3 - 7; 3 - 9"
"CHOYP_BRAFLDRAFT_278918.5.5m.48881",9.9767,0.00022033,3.6569,0.018948,"3 - 11; 3 - 13; 3 - 15; 3 - 5; 3 - 7; 3 - 9"
"CHOYP_LOC101062323.1.1m.15918",9.8987,0.00022978,3.6387,0.019213,"5 - 11; 7 - 11; 9 - 11; 5 - 13; 7 - 13; 5 - 15; 7 - 15; 5 - 3; 7 - 3; 5 - 9"
"CHOYP_AAEL_AAEL012950.1.1m.1373",9.8971,0.00022997,3.6383,0.019213,"3 - 11; 5 - 11; 7 - 11; 9 - 11; 3 - 13; 5 - 13; 7 - 13; 9 - 13; 3 - 15; 5 - 15; 7 - 15; 9 - 15"
"CHOYP_MBCDH18.1.1m.34344",9.8781,0.00023235,3.6339,0.019213,"3 - 11; 5 - 11; 7 - 11; 9 - 11; 3 - 13; 5 - 13; 7 - 13; 3 - 15; 5 - 15; 7 - 15; 3 - 9; 5 - 9"
"CHOYP_LOC100377771.1.1m.7044",9.8238,0.00023928,3.6211,0.019213,"3 - 11; 5 - 11; 7 - 11; 9 - 11; 3 - 13; 5 - 13; 7 - 13; 9 - 13; 3 - 15; 5 - 15; 7 - 15; 9 - 15"
"CHOYP_BRAFLDRAFT_86765.1.1m.54066",9.8039,0.00024188,3.6164,0.019213,"3 - 11; 5 - 11; 3 - 13; 5 - 13; 3 - 15; 5 - 15; 3 - 7; 3 - 9; 5 - 7; 5 - 9"
"CHOYP_LOC589479.2.2m.57247",9.7943,0.00024315,3.6141,0.019213,"3 - 11; 5 - 11; 7 - 11; 3 - 13; 5 - 13; 7 - 13; 3 - 15; 5 - 15; 7 - 15; 9 - 15; 3 - 9"
"CHOYP_VOLCADRAFT_89567.1.1m.27272",9.786,0.00024425,3.6122,0.019213,"3 - 11; 3 - 13; 3 - 15; 3 - 5; 3 - 7; 3 - 9"
"CHOYP_BRAFLDRAFT_67520.2.2m.34594",9.7857,0.00024428,3.6121,0.019213,"3 - 11; 5 - 11; 7 - 11; 9 - 11; 3 - 13; 5 - 13; 7 - 13; 9 - 13; 3 - 15; 5 - 15; 7 - 15; 9 - 15; 7 - 9"
"CHOYP_EMC2.2.2m.21018",9.7778,0.00024535,3.6102,0.019213,"3 - 11; 7 - 11; 9 - 11; 3 - 13; 5 - 13; 7 - 13; 9 - 13; 3 - 15; 5 - 15; 7 - 15; 9 - 15"
"CHOYP_contig_026975m.30698",9.7696,0.00024644,3.6083,0.019213,"3 - 11; 3 - 13; 3 - 15; 3 - 5; 3 - 7; 3 - 9"
"CHOYP_LOC100183535.2.2m.10350",9.6667,0.00026072,3.5838,0.019953,"13 - 11; 15 - 11; 3 - 11; 5 - 11; 7 - 11; 9 - 11"
"CHOYP_LOC100375230.1.1m.52612",9.6667,0.00026072,3.5838,0.019953,"3 - 11; 3 - 13; 3 - 15; 3 - 5; 3 - 7; 3 - 9"
"CHOYP_ODH.1.2m.1327",9.6276,0.00026639,3.5745,0.020182,"3 - 11; 5 - 11; 3 - 13; 5 - 13; 3 - 15; 5 - 15; 3 - 5; 3 - 7; 3 - 9; 5 - 7; 5 - 9"
"CHOYP_contig_004572m.5255",9.5364,0.00028016,3.5526,0.020182,"11 - 3; 11 - 5; 11 - 7; 13 - 3; 13 - 5; 13 - 7; 15 - 3; 15 - 5; 15 - 7; 15 - 9; 9 - 3; 9 - 5"
"CHOYP_LOC100369384.1.1m.47986",9.5333,0.00028064,3.5519,0.020182,"3 - 11; 3 - 13; 3 - 15; 3 - 5; 3 - 7; 3 - 9"
"CHOYP_LOC101033229.1.1m.38291",9.5333,0.00028064,3.5519,0.020182,"3 - 11; 3 - 13; 3 - 15; 3 - 5; 3 - 7; 3 - 9"
"CHOYP_LOC100368219.2.5m.38385",9.5333,0.00028064,3.5519,0.020182,"3 - 11; 3 - 13; 3 - 15; 3 - 5; 3 - 7; 3 - 9"
"CHOYP_PDIA6.2.2m.58490",9.5333,0.00028064,3.5519,0.020182,"3 - 11; 3 - 13; 3 - 15; 3 - 5; 3 - 7; 3 - 9"
"CHOYP_HSP70.1.1m.61727",9.5333,0.00028064,3.5519,0.020182,"3 - 11; 3 - 13; 3 - 15; 3 - 5; 3 - 7; 3 - 9"
"CHOYP_LOC577371.1.2m.46335",9.517,0.0002832,3.5479,0.020192,"3 - 11; 5 - 11; 7 - 11; 3 - 13; 5 - 13; 7 - 13; 3 - 15; 5 - 15; 7 - 15; 3 - 9; 5 - 9"
"CHOYP_BRAFLDRAFT_118756.1.2m.16721",9.3115,0.00031775,3.4979,0.022201,"13 - 11; 15 - 11; 15 - 13; 13 - 3; 13 - 5; 13 - 9; 15 - 3; 15 - 5; 15 - 7; 15 - 9"
"CHOYP_LOC100533367.1.1m.49626",9.2874,0.00032211,3.492,0.022201,"3 - 11; 5 - 11; 7 - 11; 3 - 13; 5 - 13; 7 - 13; 3 - 15; 5 - 15; 7 - 15; 3 - 5; 3 - 7; 3 - 9; 5 - 9; 7 - 9"
"CHOYP_BRAFLDRAFT_123969.1.1m.15145",9.2802,0.00032343,3.4902,0.022201,"13 - 11; 15 - 11; 3 - 11; 5 - 11; 7 - 11; 9 - 11; 5 - 13; 7 - 13; 5 - 15; 7 - 15; 5 - 9; 7 - 9"
"CHOYP_BRAFLDRAFT_125862.1.1m.27159",9.2737,0.00032461,3.4886,0.022201,"3 - 11; 7 - 11; 3 - 13; 5 - 13; 7 - 13; 9 - 13; 3 - 15; 5 - 15; 7 - 15; 9 - 15; 3 - 5; 3 - 9"
"CHOYP_SCP.8.12m.57173",9.2733,0.00032469,3.4885,0.022201,"11 - 3; 13 - 3; 13 - 5; 13 - 7; 13 - 9; 15 - 3; 15 - 5; 5 - 3; 7 - 3; 9 - 3"
"CHOYP_TBA.3.6m.29936",9.2508,0.00032886,3.483,0.022302,"3 - 11; 3 - 13; 3 - 15; 3 - 5; 3 - 7; 3 - 9"
"CHOYP_LOC100373351.1.3m.49572",9.2265,0.00033343,3.477,0.022302,"3 - 11; 5 - 11; 7 - 11; 3 - 13; 5 - 13; 3 - 15; 5 - 15; 7 - 15; 3 - 7; 3 - 9; 5 - 9"
"CHOYP_BRAFLDRAFT_279978.1.1m.30960",9.1681,0.0003447,3.4626,0.022302,"3 - 11; 5 - 11; 7 - 11; 9 - 11; 3 - 13; 7 - 13; 3 - 15; 7 - 15; 9 - 15; 3 - 5; 3 - 7; 3 - 9"
"CHOYP_contig_008002m.9263",9.1589,0.00034654,3.4603,0.022302,"3 - 11; 3 - 13; 3 - 15; 3 - 5; 3 - 7; 3 - 9"
"CHOYP_LOC100369689.1.1m.28663",9.1538,0.00034753,3.459,0.022302,"3 - 11; 3 - 13; 3 - 15; 3 - 5; 3 - 7; 3 - 9"
"CHOYP_MYS.1.7m.435",9.1429,0.00034972,3.4563,0.022302,"15 - 11; 3 - 11; 5 - 11; 7 - 11; 9 - 11; 15 - 13; 3 - 13; 5 - 13; 7 - 13; 9 - 13"
"CHOYP_contig_015923m.18643",9.1429,0.00034972,3.4563,0.022302,"3 - 11; 5 - 11; 3 - 13; 5 - 13; 3 - 15; 3 - 5; 3 - 7; 3 - 9"
"CHOYP_LOC100371332.1.6m.7760",9.1394,0.00035042,3.4554,0.022302,"3 - 11; 3 - 13; 3 - 15; 3 - 5; 3 - 7; 3 - 9"
"CHOYP_IRF1.1.3m.52606",9.1268,0.00035295,3.4523,0.022302,"13 - 11; 15 - 11; 3 - 11; 5 - 11; 7 - 11; 9 - 11; 3 - 13; 5 - 13; 5 - 15; 3 - 9; 5 - 9"
"CHOYP_contig_001114m.1165",9.0952,0.0003594,3.4444,0.022302,"3 - 11; 7 - 11; 9 - 11; 3 - 13; 7 - 13; 9 - 13; 3 - 15; 7 - 15; 9 - 15; 3 - 5; 7 - 5; 7 - 9"
"CHOYP_LOC100902912.1.1m.9008",9.049,0.0003691,3.4329,0.022302,"3 - 11; 5 - 11; 7 - 11; 9 - 11; 3 - 13; 5 - 13; 7 - 13; 9 - 13; 3 - 15; 3 - 5; 3 - 7; 3 - 9"
"CHOYP_XDH.1.3m.46824",9.0159,0.00037623,3.4245,0.022302,"3 - 11; 5 - 11; 7 - 11; 3 - 13; 5 - 13; 7 - 13; 3 - 15; 5 - 15; 7 - 15; 3 - 9; 5 - 9; 7 - 9"
"CHOYP_BRAFLDRAFT_240825.1.1m.43452",9.0103,0.00037745,3.4231,0.022302,"7 - 11; 7 - 13; 7 - 15; 7 - 3; 7 - 5; 7 - 9"
"CHOYP_contig_031802m.36287",9,0.0003797,3.4206,0.022302,"15 - 11; 15 - 13; 15 - 3; 15 - 5; 15 - 7; 15 - 9"
"CHOYP_LOC100533444.1.1m.33578",9,0.0003797,3.4206,0.022302,"11 - 13; 11 - 15; 11 - 3; 11 - 5; 11 - 7; 11 - 9"
"CHOYP_NEMVEDRAFT_V1G224038.4.5m.31140",9,0.0003797,3.4206,0.022302,"3 - 11; 3 - 13; 3 - 15; 3 - 5; 3 - 7; 3 - 9"
"CHOYP_FANCJ.1.1m.17513",9,0.0003797,3.4206,0.022302,"9 - 11; 9 - 13; 9 - 15; 9 - 3; 9 - 5; 9 - 7"
"CHOYP_PSTA_1282.1.1m.55952",9,0.0003797,3.4206,0.022302,"15 - 11; 15 - 13; 15 - 3; 15 - 5; 15 - 7; 15 - 9"
"CHOYP_KDM1B.1.1m.15843",9,0.0003797,3.4206,0.022302,"3 - 11; 3 - 13; 3 - 15; 3 - 5; 3 - 7; 3 - 9"
"CHOYP_LOC585638.1.1m.10100",9,0.0003797,3.4206,0.022302,"3 - 11; 3 - 13; 3 - 15; 3 - 5; 3 - 7; 3 - 9"
"CHOYP_contig_033179m.37880",8.9848,0.00038305,3.4167,0.022302,"3 - 11; 5 - 11; 7 - 11; 3 - 13; 5 - 13; 7 - 13; 3 - 15; 5 - 15; 7 - 15; 3 - 9; 5 - 9; 7 - 9"
"CHOYP_RIMB2.3.5m.17363",8.9762,0.00038498,3.4146,0.022302,"3 - 11; 5 - 11; 7 - 11; 3 - 13; 5 - 13; 7 - 13; 3 - 15; 5 - 15; 3 - 9; 5 - 7; 5 - 9"
"CHOYP_LOC100377378.1.1m.64418",8.9445,0.00039212,3.4066,0.022559,"3 - 11; 5 - 11; 7 - 11; 3 - 13; 5 - 13; 7 - 13; 9 - 13; 3 - 15; 5 - 15; 7 - 15; 9 - 15"
"CHOYP_LOC100375219.1.1m.30268",8.8812,0.00040688,3.3905,0.022834,"3 - 11; 3 - 13; 5 - 13; 7 - 13; 9 - 13; 3 - 15; 5 - 15; 7 - 15; 9 - 15; 3 - 5; 3 - 7; 3 - 9"
"CHOYP_TOP1.5.5m.61515",8.8784,0.00040755,3.3898,0.022834,"3 - 11; 5 - 11; 7 - 11; 9 - 11; 3 - 13; 5 - 13; 7 - 13; 9 - 13; 3 - 15; 5 - 15; 7 - 15; 9 - 15"
"CHOYP_NIPSNAP3A-B.1.1m.62397",8.8705,0.00040943,3.3878,0.022834,"5 - 11; 7 - 11; 7 - 13; 7 - 15; 7 - 3; 7 - 5; 7 - 9"
"CHOYP_BRAFLDRAFT_127851.1.1m.10499",8.8696,0.00040965,3.3876,0.022834,"15 - 11; 3 - 11; 5 - 11; 7 - 11; 3 - 13; 5 - 13; 7 - 13; 7 - 15; 7 - 3; 3 - 9; 5 - 9; 7 - 9"
"CHOYP_contig_025684m.29301",8.8614,0.00041161,3.3855,0.022834,"3 - 11; 5 - 11; 7 - 11; 3 - 13; 5 - 13; 7 - 13; 3 - 15; 5 - 15; 7 - 15; 3 - 7; 3 - 9; 5 - 9; 7 - 9"
"CHOYP_BRAFLDRAFT_124972.2.5m.4101",8.8543,0.00041333,3.3837,0.022834,"3 - 11; 5 - 11; 3 - 13; 5 - 13; 3 - 15; 5 - 15; 7 - 15; 3 - 5; 3 - 7; 3 - 9"
"CHOYP_DVIR_GJ11008.1.1m.11917",8.7829,0.00043105,3.3655,0.023525,"3 - 11; 5 - 11; 7 - 11; 9 - 11; 3 - 13; 5 - 13; 7 - 13; 9 - 13; 3 - 15; 5 - 15; 7 - 15; 9 - 15"
"CHOYP_SMP_171550.1.1m.44645",8.7778,0.00043235,3.3642,0.023525,"3 - 11; 5 - 11; 7 - 11; 3 - 13; 5 - 13; 7 - 13; 3 - 15; 5 - 15; 7 - 15; 3 - 5; 3 - 7; 3 - 9"
"CHOYP_BRAFLDRAFT_92024.1.1m.49813",8.7635,0.00043599,3.3605,0.023525,"11 - 13; 11 - 15; 5 - 11; 3 - 13; 5 - 13; 7 - 13; 9 - 13; 3 - 15; 5 - 15; 7 - 15; 9 - 15"
"CHOYP_LOC101169658.1.3m.18820",8.7592,0.00043711,3.3594,0.023525,"11 - 3; 11 - 5; 13 - 3; 13 - 5; 15 - 3; 15 - 5; 7 - 3; 9 - 3; 7 - 5; 9 - 5"
"CHOYP_LOC100370600.1.1m.29572",8.6918,0.00045491,3.3421,0.024184,"3 - 11; 5 - 11; 7 - 11; 3 - 13; 7 - 13; 3 - 15; 7 - 15; 3 - 5; 3 - 7; 3 - 9"
"CHOYP_BRAFLDRAFT_260197.1.1m.8081",8.6909,0.00045516,3.3418,0.024184,"3 - 11; 5 - 11; 7 - 11; 9 - 11; 3 - 13; 5 - 13; 7 - 13; 3 - 15; 5 - 15; 7 - 15; 9 - 15; 7 - 9"
"CHOYP_BRAFLDRAFT_274539.3.3m.49552",8.6433,0.00046823,3.3295,0.024581,"3 - 11; 3 - 13; 3 - 15; 3 - 5; 3 - 7; 3 - 9"
"CHOYP_contig_010226m.11916",8.6423,0.00046852,3.3293,0.024581,"5 - 11; 7 - 11; 9 - 11; 5 - 13; 7 - 13; 5 - 15; 7 - 15; 5 - 3; 7 - 3; 5 - 9; 7 - 9"
"CHOYP_BRAFLDRAFT_126822.1.1m.14626",8.625,0.00047338,3.3248,0.024647,"3 - 11; 5 - 11; 7 - 11; 3 - 13; 5 - 13; 7 - 13; 9 - 13; 3 - 15; 5 - 15; 7 - 15; 3 - 9; 5 - 9"
"CHOYP_HSP7D.2.3m.34785",8.6169,0.00047568,3.3227,0.024647,"3 - 11; 5 - 11; 7 - 11; 3 - 13; 7 - 13; 3 - 15; 5 - 15; 7 - 15; 3 - 5; 3 - 9"
"CHOYP_LOC100377024.2.2m.63302",8.5661,0.00049035,3.3095,0.0249,"3 - 11; 5 - 11; 3 - 13; 5 - 13; 3 - 15; 5 - 15; 7 - 15; 3 - 5; 3 - 7; 3 - 9; 5 - 9"
"CHOYP_LOC100907708.1.1m.16095",8.5615,0.00049171,3.3083,0.0249,"15 - 11; 15 - 13; 15 - 3; 15 - 5; 15 - 7; 15 - 9"
"CHOYP_MEST.2.2m.55065",8.5477,0.00049582,3.3047,0.0249,"3 - 11; 5 - 11; 3 - 13; 5 - 13; 3 - 15; 5 - 15; 3 - 5; 3 - 7; 3 - 9; 5 - 9"
"CHOYP_PPN.2.4m.44929",8.5334,0.00050011,3.3009,0.0249,"3 - 11; 7 - 11; 9 - 11; 3 - 13; 5 - 13; 7 - 13; 9 - 13; 3 - 15; 5 - 15; 7 - 15; 9 - 15"
"CHOYP_NEMVEDRAFT_V1G154303.1.1m.3521",8.5301,0.00050109,3.3001,0.0249,"3 - 11; 5 - 11; 7 - 11; 9 - 11; 3 - 13; 5 - 13; 7 - 13; 9 - 13; 3 - 15; 5 - 15; 7 - 15; 9 - 15"
"CHOYP_LOC100537361.1.1m.55516",8.5238,0.00050299,3.2984,0.0249,"3 - 11; 5 - 11; 15 - 13; 3 - 13; 5 - 13; 3 - 15; 3 - 7; 3 - 9; 5 - 9"
"CHOYP_LOC584665.1.1m.28760",8.5185,0.0005046,3.2971,0.0249,"3 - 11; 5 - 11; 3 - 13; 5 - 13; 3 - 15; 5 - 15; 3 - 7; 3 - 9; 5 - 7; 5 - 9"
"CHOYP_DFA_06569.1.1m.9782",8.5175,0.00050491,3.2968,0.0249,"3 - 11; 3 - 13; 3 - 15; 3 - 5; 3 - 7; 3 - 9"
"CHOYP_SPI2.25.37m.28547",8.5092,0.00050743,3.2946,0.0249,"3 - 11; 5 - 11; 7 - 11; 9 - 11; 3 - 13; 5 - 13; 3 - 15; 5 - 15; 7 - 15; 9 - 15; 5 - 9"
"CHOYP_contig_009196m.10701",8.4824,0.00051573,3.2876,0.025159,"3 - 11; 3 - 13; 3 - 15; 3 - 5; 3 - 7; 3 - 9"
"CHOYP_SYWC.3.5m.26200",8.4572,0.00052363,3.281,0.025396,"13 - 11; 13 - 15; 13 - 3; 13 - 5; 13 - 7; 13 - 9"
"CHOYP_VATB.2.2m.62084",8.4203,0.00053548,3.2713,0.025821,"3 - 11; 5 - 11; 7 - 11; 3 - 13; 5 - 13; 7 - 13; 3 - 15; 5 - 15; 7 - 15; 3 - 9; 5 - 9; 7 - 9"
"CHOYP_BRAFLDRAFT_76825.1.1m.2818",8.4,0.00054214,3.2659,0.025992,"3 - 11; 3 - 13; 3 - 15; 3 - 5; 3 - 7; 3 - 9"
"CHOYP_ERF1.1.1m.37540",8.3419,0.00056172,3.2505,0.026776,"3 - 11; 5 - 11; 7 - 11; 9 - 11; 3 - 13; 5 - 13; 7 - 13; 9 - 13; 3 - 15; 5 - 15; 7 - 15; 9 - 15"
"CHOYP_CSK2B.1.1m.37285",8.2585,0.00059121,3.2283,0.028022,"15 - 11; 3 - 11; 5 - 11; 7 - 11; 9 - 11; 3 - 13; 5 - 13; 7 - 13; 9 - 13; 7 - 15"
"CHOYP_GPSM2.1.1m.58301",8.2424,0.0005971,3.224,0.028141,"3 - 11; 5 - 11; 3 - 13; 5 - 13; 3 - 15; 5 - 15; 3 - 7; 3 - 9; 5 - 7; 5 - 9"
"CHOYP_BRAFLDRAFT_271463.1.1m.62869",8.2193,0.0006057,3.2177,0.028262,"3 - 11; 5 - 11; 7 - 11; 3 - 13; 5 - 13; 7 - 13; 3 - 15; 5 - 15; 7 - 15; 9 - 15; 3 - 9"
"CHOYP_BRAFLDRAFT_123986.1.1m.47284",8.2173,0.00060644,3.2172,0.028262,"3 - 11; 5 - 11; 7 - 11; 9 - 11; 3 - 13; 5 - 13; 7 - 13; 9 - 13; 5 - 15; 7 - 15; 5 - 9"
"CHOYP_contig_001129m.1188",8.1985,0.00061352,3.2122,0.028377,"3 - 11; 3 - 13; 3 - 15; 3 - 5; 3 - 7; 3 - 9"
"CHOYP_BRAFLDRAFT_114106.1.1m.28307",8.1927,0.00061572,3.2106,0.028377,"3 - 11; 5 - 11; 7 - 11; 9 - 11; 3 - 13; 5 - 13; 7 - 13; 9 - 13; 3 - 15; 5 - 15; 7 - 15; 9 - 15"
"CHOYP_LOC100875585.1.1m.8714",8.1649,0.00062644,3.2031,0.028412,"3 - 11; 7 - 11; 9 - 11; 3 - 13; 7 - 13; 9 - 13; 3 - 15; 5 - 15; 7 - 15; 9 - 15; 7 - 5"
"CHOYP_BRAFLDRAFT_124962.1.1m.57433",8.1636,0.00062695,3.2028,0.028412,"7 - 11; 7 - 13; 7 - 15; 7 - 3; 7 - 5; 7 - 9"
"CHOYP_LOC100741250.1.2m.48951",8.16,0.00062836,3.2018,0.028412,"13 - 11; 15 - 11; 15 - 13; 13 - 3; 13 - 5; 15 - 3; 15 - 5; 15 - 7; 15 - 9"
"CHOYP_YBOXH.2.4m.3352",8.1556,0.00063009,3.2006,0.028412,"3 - 11; 5 - 11; 3 - 13; 5 - 13; 3 - 15; 5 - 15; 3 - 5; 3 - 7; 3 - 9; 5 - 9"
"CHOYP_TRI56.4.4m.61739",8.1349,0.00063826,3.195,0.028626,"3 - 11; 5 - 11; 3 - 13; 5 - 13; 3 - 15; 5 - 15; 7 - 15; 3 - 5; 3 - 7; 3 - 9"
"CHOYP_PHUM_PHUM184790.1.1m.41715",8.1116,0.00064759,3.1887,0.028889,"3 - 11; 3 - 13; 3 - 15; 3 - 5; 3 - 7; 3 - 9"
"CHOYP_LOC661043.1.1m.11553",8.0288,0.00068203,3.1662,0.030263,"3 - 11; 7 - 11; 9 - 11; 3 - 13; 7 - 13; 9 - 13; 3 - 15; 5 - 15; 7 - 15; 9 - 15; 7 - 5; 9 - 5"
"CHOYP_CP080.1.1m.24911",7.9564,0.00071389,3.1464,0.031402,"15 - 11; 3 - 11; 5 - 11; 7 - 11; 3 - 13; 5 - 13; 7 - 13; 3 - 15; 3 - 9; 5 - 9; 7 - 9"
"CHOYP_BRAFLDRAFT_80496.6.10m.29014",7.9535,0.00071522,3.1456,0.031402,"5 - 11; 7 - 11; 9 - 11; 5 - 13; 7 - 13; 9 - 13; 5 - 15; 7 - 15; 9 - 15; 5 - 3; 7 - 3; 7 - 9"
"CHOYP_LOC100881430.1.1m.4201",7.9348,0.00072372,3.1404,0.031609,"3 - 11; 5 - 11; 7 - 11; 3 - 13; 5 - 13; 7 - 13; 3 - 15; 5 - 15; 7 - 15; 5 - 3; 5 - 9; 7 - 9"
"CHOYP_BRAFLDRAFT_127065.5.7m.28848",7.885,0.00074697,3.1267,0.032445,"3 - 11; 5 - 11; 3 - 13; 5 - 13; 3 - 15; 5 - 15; 3 - 5; 3 - 7; 3 - 9; 5 - 9"
"CHOYP_BRAFLDRAFT_59014.1.1m.59709",7.8773,0.00075064,3.1246,0.032445,"13 - 11; 3 - 11; 5 - 11; 7 - 11; 3 - 13; 3 - 15; 3 - 5; 3 - 7; 3 - 9; 5 - 9"
"CHOYP_LOC100168368.1.1m.18551",7.8651,0.00075649,3.1212,0.032529,"3 - 11; 5 - 11; 3 - 13; 5 - 13; 7 - 13; 3 - 15; 5 - 15; 3 - 7; 3 - 9; 5 - 9"
"CHOYP_NDK7.1.1m.64883",7.8503,0.00076365,3.1171,0.032555,"3 - 11; 3 - 13; 5 - 13; 7 - 13; 3 - 15; 5 - 15; 7 - 15; 3 - 5; 3 - 7; 3 - 9"
"CHOYP_BRAFLDRAFT_129759.2.2m.30082",7.8478,0.0007649,3.1164,0.032555,"3 - 11; 3 - 13; 3 - 15; 3 - 5; 3 - 7; 3 - 9"
"CHOYP_MRP1.10.10m.64931",7.8,0.00078865,3.1031,0.033165,"3 - 11; 3 - 13; 3 - 15; 3 - 5; 3 - 7; 3 - 9"
"CHOYP_LOC100375122.1.1m.52296",7.7922,0.00079259,3.1009,0.033165,"3 - 11; 5 - 11; 7 - 11; 9 - 11; 3 - 13; 5 - 13; 7 - 13; 3 - 15; 5 - 15; 7 - 15; 3 - 5; 3 - 7; 3 - 9"
"CHOYP_SH3L1.2.5m.9176",7.7866,0.00079547,3.0994,0.033165,"13 - 11; 15 - 11; 3 - 11; 13 - 5; 13 - 7; 13 - 9; 15 - 5; 3 - 5; 3 - 7; 3 - 9"
"CHOYP_LOC580840.1.1m.45392",7.7785,0.00079959,3.0971,0.033165,"3 - 11; 5 - 11; 7 - 11; 9 - 11; 3 - 13; 5 - 13; 7 - 13; 3 - 15; 5 - 15; 7 - 15; 9 - 15"
"CHOYP_contig_040962m.46595",7.7778,0.00079998,3.0969,0.033165,"15 - 11; 9 - 11; 15 - 13; 15 - 3; 15 - 5; 15 - 7; 15 - 9; 9 - 5; 9 - 7"
"CHOYP_GNPI2.1.1m.55897",7.7653,0.00080644,3.0934,0.033165,"15 - 11; 3 - 11; 5 - 11; 7 - 11; 9 - 11; 15 - 13; 3 - 13; 5 - 13; 15 - 9; 3 - 9; 5 - 9"
"CHOYP_QCR2.1.1m.35613",7.7641,0.00080706,3.0931,0.033165,"3 - 11; 5 - 11; 7 - 11; 9 - 11; 3 - 13; 5 - 13; 7 - 13; 9 - 13; 3 - 15; 5 - 15; 7 - 15; 3 - 9"
"CHOYP_contig_033976m.38613",7.7412,0.00081905,3.0867,0.033493,"5 - 11; 7 - 11; 3 - 13; 5 - 13; 7 - 13; 9 - 13; 3 - 15; 5 - 15; 7 - 15; 9 - 15; 5 - 3; 5 - 9"
"CHOYP_LOC581508.1.1m.26966",7.7222,0.00082912,3.0814,0.033739,"15 - 11; 15 - 13; 15 - 3; 15 - 5; 15 - 7; 15 - 9"
"CHOYP_contig_039460m.44676",7.6894,0.00084691,3.0722,0.034296,"5 - 11; 7 - 11; 9 - 11; 5 - 13; 7 - 13; 9 - 13; 5 - 15; 7 - 15; 9 - 15; 7 - 3; 7 - 5; 7 - 9"
"CHOYP_FHOD3.2.2m.44837",7.6667,0.00085948,3.0658,0.034448,"3 - 11; 3 - 13; 3 - 15; 3 - 5; 3 - 7; 3 - 9"
"CHOYP_BRAFLDRAFT_67258.9.18m.34120",7.6667,0.00085948,3.0658,0.034448,"3 - 11; 3 - 13; 3 - 15; 3 - 5; 3 - 7; 3 - 9"
"CHOYP_PKHL1.3.3m.42452",7.6603,0.00086307,3.064,0.034448,"3 - 11; 3 - 13; 3 - 15; 3 - 5; 3 - 7; 3 - 9"
"CHOYP_contig_013751m.15674",7.632,0.00087905,3.056,0.034919,"3 - 11; 9 - 11; 3 - 13; 9 - 13; 3 - 15; 9 - 15; 3 - 5; 3 - 7; 9 - 5"
"CHOYP_UBQL4.1.1m.37429",7.6101,0.00089173,3.0498,0.035122,"3 - 11; 3 - 13; 3 - 15; 3 - 5; 3 - 7; 3 - 9"
"CHOYP_LOC100486063.2.9m.5918",7.6086,0.00089258,3.0494,0.035122,"3 - 11; 5 - 11; 3 - 13; 5 - 13; 3 - 15; 5 - 15; 3 - 7; 3 - 9; 5 - 7; 5 - 9"
"CHOYP_LOC101073830.1.1m.42117",7.5741,0.00091294,3.0396,0.035709,"3 - 11; 5 - 11; 7 - 11; 3 - 13; 5 - 13; 7 - 13; 3 - 15; 3 - 5; 3 - 7; 3 - 9"
"CHOYP_BRAFLDRAFT_125724.1.1m.30781",7.5688,0.00091607,3.0381,0.035709,"3 - 11; 7 - 11; 3 - 13; 5 - 13; 7 - 13; 3 - 15; 5 - 15; 7 - 15; 3 - 9; 7 - 5; 7 - 9"
"CHOYP_TSP_02835.1.1m.26375",7.5587,0.00092219,3.0352,0.035709,"3 - 11; 5 - 11; 3 - 13; 5 - 13; 3 - 15; 5 - 15; 3 - 5; 3 - 7; 3 - 9; 5 - 7; 5 - 9"
"CHOYP_BRAFLDRAFT_201924.1.1m.30855",7.5547,0.00092462,3.034,0.035709,"3 - 11; 3 - 13; 3 - 15; 3 - 5; 3 - 7; 3 - 9"
"CHOYP_ISCW_ISCW016212.1.2m.2539",7.5287,0.00094049,3.0266,0.036155,"3 - 11; 5 - 11; 3 - 13; 5 - 13; 7 - 13; 3 - 15; 5 - 15; 7 - 15; 3 - 9; 5 - 7; 5 - 9"
"CHOYP_ECH1.1.1m.29110",7.4502,0.00099051,3.0041,0.037901,"11 - 15; 7 - 11; 9 - 11; 3 - 13; 7 - 13; 9 - 13; 3 - 15; 5 - 15; 7 - 15; 9 - 15; 9 - 5"
"CHOYP_LOC732900.1.1m.62814",7.4433,0.00099501,3.0022,0.037901,"3 - 11; 5 - 11; 7 - 11; 9 - 11; 3 - 13; 5 - 13; 7 - 13; 9 - 13; 3 - 15; 5 - 15; 7 - 15; 9 - 15"
"CHOYP_BRAFLDRAFT_130097.1.1m.12458",7.4321,0.0010024,2.999,0.037901,"3 - 11; 5 - 11; 7 - 11; 3 - 13; 5 - 13; 3 - 15; 5 - 15; 7 - 15; 3 - 9"
"CHOYP_contig_018956m.22217",7.4296,0.0010041,2.9982,0.037901,"5 - 11; 7 - 11; 5 - 13; 7 - 13; 5 - 15; 7 - 15; 5 - 3; 7 - 3; 5 - 9; 7 - 9"
"CHOYP_LOC100186360.1.2m.50759",7.4048,0.0010208,2.9911,0.038358,"7 - 11; 7 - 13; 7 - 15; 7 - 3; 7 - 5; 7 - 9"
"CHOYP_QCR2.1.1m.35612",7.397,0.0010261,2.9888,0.038384,"3 - 11; 7 - 11; 9 - 11; 3 - 13; 7 - 13; 9 - 13; 3 - 15; 7 - 15; 9 - 15; 7 - 5"
"CHOYP_LOC100378619.2.2m.36047",7.3867,0.0010331,2.9859,0.038474,"3 - 11; 5 - 11; 7 - 11; 9 - 11; 3 - 13; 5 - 13; 7 - 13; 3 - 15; 5 - 15; 7 - 15; 3 - 9"
"CHOYP_BRAFLDRAFT_126603.1.1m.31078",7.3741,0.0010418,2.9822,0.038626,"3 - 11; 5 - 11; 7 - 11; 3 - 13; 5 - 13; 7 - 13; 3 - 15; 5 - 15; 7 - 15; 3 - 9"
"CHOYP_contig_023945m.27245",7.349,0.0010595,2.9749,0.038995,"3 - 11; 5 - 11; 3 - 13; 5 - 13; 3 - 15; 5 - 15; 3 - 5; 3 - 7; 3 - 9; 5 - 9"
"CHOYP_MTHR.1.1m.54596",7.3466,0.0010611,2.9742,0.038995,"5 - 11; 7 - 11; 9 - 11; 5 - 13; 7 - 13; 9 - 13; 7 - 15; 5 - 3; 7 - 3; 9 - 3; 7 - 5"
"CHOYP_BRAFLDRAFT_67662.1.1m.3006",7.3077,0.0010891,2.9629,0.039849,"3 - 11; 5 - 11; 3 - 13; 5 - 13; 3 - 15; 5 - 15; 3 - 7; 3 - 9; 5 - 7; 5 - 9"
"CHOYP_BRAFLDRAFT_90187.1.1m.30393",7.2991,0.0010954,2.9604,0.039903,"3 - 11; 5 - 11; 3 - 13; 5 - 13; 3 - 15; 3 - 5; 3 - 7; 3 - 9"
"CHOYP_APLP.1.2m.5955",7.2881,0.0011035,2.9572,0.040025,"3 - 11; 7 - 11; 3 - 13; 5 - 13; 7 - 13; 9 - 13; 3 - 15; 7 - 15; 3 - 5; 3 - 9; 7 - 5; 7 - 9"
"CHOYP_HMCN2.6.12m.33452",7.2723,0.0011153,2.9526,0.040144,"13 - 11; 3 - 11; 5 - 11; 7 - 11; 13 - 15; 5 - 13; 5 - 15; 7 - 15; 5 - 3; 5 - 9; 7 - 9"
"CHOYP_LOC100367787.1.1m.52250",7.2708,0.0011164,2.9522,0.040144,"3 - 11; 5 - 11; 3 - 13; 5 - 13; 3 - 15; 5 - 15; 3 - 7; 3 - 9"
"CHOYP_COX1.1.15m.3193",7.25,0.0011322,2.9461,0.040536,"3 - 11; 5 - 11; 3 - 13; 5 - 13; 3 - 15; 5 - 15; 3 - 7; 3 - 9; 5 - 7; 5 - 9"
"CHOYP_LOC100376857.1.7m.30171",7.2176,0.0011573,2.9366,0.041257,"3 - 11; 5 - 11; 3 - 13; 5 - 13; 3 - 15; 5 - 15; 3 - 7; 3 - 9; 5 - 9"
"CHOYP_contig_047190m.55575",7.2074,0.0011653,2.9336,0.041278,"15 - 11; 15 - 13; 15 - 3; 15 - 5; 15 - 7; 15 - 9; 7 - 3; 9 - 3; 7 - 5"
"CHOYP_BRAFLDRAFT_125880.3.3m.26918",7.2042,0.0011678,2.9326,0.041278,"3 - 11; 5 - 11; 7 - 11; 9 - 11; 3 - 13; 5 - 13; 7 - 13; 3 - 15; 5 - 15; 7 - 15; 9 - 15"
"CHOYP_LOC576698.1.1m.32335",7.1744,0.0011917,2.9238,0.041872,"3 - 11; 5 - 11; 7 - 11; 3 - 13; 5 - 13; 7 - 13; 3 - 15; 5 - 15; 7 - 15; 3 - 9"
"CHOYP_LOC100113671.1.1m.18491",7.1707,0.0011946,2.9228,0.041872,"3 - 11; 3 - 13; 3 - 15; 3 - 5; 3 - 7; 3 - 9"
"CHOYP_LOC100642680.1.1m.6611",7.1042,0.00125,2.9031,0.043631,"3 - 11; 5 - 11; 3 - 13; 3 - 15; 3 - 5; 3 - 7; 3 - 9"
"CHOYP_RFOX2.1.2m.24118",7.0825,0.0012687,2.8966,0.044098,"3 - 11; 3 - 13; 3 - 15; 3 - 5; 3 - 7; 3 - 9"
"CHOYP_contig_003460m.3916",7.076,0.0012744,2.8947,0.044111,"13 - 11; 15 - 11; 13 - 3; 13 - 5; 13 - 7; 13 - 9; 15 - 3; 15 - 5; 15 - 7; 15 - 9"
"CHOYP_LOC100749506.1.1m.8951",7.0346,0.0013111,2.8824,0.045192,"3 - 11; 3 - 13; 3 - 15; 3 - 5; 3 - 7; 3 - 9"
"CHOYP_BRAFLDRAFT_246978.1.1m.6916",7.0287,0.0013164,2.8806,0.045192,"3 - 11; 5 - 11; 7 - 11; 3 - 13; 5 - 13; 7 - 13; 3 - 15; 5 - 15; 3 - 9; 5 - 9; 7 - 9"
"CHOYP_LOC100374155.1.1m.56570",7.0166,0.0013275,2.877,0.045385,"3 - 11; 3 - 13; 7 - 13; 3 - 15; 7 - 15; 3 - 5; 3 - 7; 3 - 9"
"CHOYP_LOC100372340.3.3m.59986",6.9895,0.0013525,2.8688,0.046053,"11 - 13; 11 - 15; 11 - 3; 11 - 5; 11 - 9; 7 - 13; 7 - 15; 7 - 3; 7 - 5; 7 - 9"
"CHOYP_LOC100910862.2.2m.45085",6.9782,0.0013632,2.8654,0.046226,"15 - 11; 5 - 11; 7 - 11; 9 - 11; 15 - 13; 5 - 13; 7 - 13; 9 - 13; 5 - 15; 7 - 15; 5 - 3; 7 - 3"
"CHOYP_LOC100177459.1.2m.48730",6.9683,0.0013726,2.8625,0.04624,"3 - 11; 3 - 13; 3 - 15; 3 - 5; 3 - 7; 3 - 9"
"CHOYP_PHUM_PHUM500930.1.1m.21562",6.9661,0.0013747,2.8618,0.04624,"7 - 11; 9 - 11; 13 - 15; 7 - 13; 9 - 13; 3 - 15; 5 - 15; 7 - 15; 9 - 15; 7 - 5; 9 - 5"
"CHOYP_contig_021858m.25098",6.9556,0.0013847,2.8586,0.046307,"7 - 11; 7 - 13; 7 - 15; 7 - 3; 7 - 5; 7 - 9"
"CHOYP_BRAFLDRAFT_71030.1.1m.31477",6.9524,0.0013878,2.8577,0.046307,"3 - 11; 3 - 13; 3 - 15; 3 - 5; 3 - 7; 3 - 9"
"CHOYP_LOC100367356.1.1m.29181",6.9414,0.0013984,2.8544,0.046476,"3 - 11; 5 - 11; 3 - 13; 3 - 15; 5 - 15; 7 - 15; 3 - 5; 3 - 7; 3 - 9"
"CHOYP_LOC100372505.2.2m.26614",6.8917,0.0014476,2.8394,0.047755,"3 - 11; 3 - 13; 3 - 15; 3 - 5; 3 - 7; 3 - 9"
"CHOYP_DBT.1.1m.4866",6.8903,0.001449,2.8389,0.047755,"3 - 11; 7 - 11; 3 - 13; 7 - 13; 3 - 15; 5 - 15; 7 - 15; 9 - 15; 7 - 5; 7 - 9"
"CHOYP_contig_003670m.4147",6.8853,0.001454,2.8374,0.047755,"13 - 11; 15 - 11; 13 - 3; 13 - 5; 15 - 3; 15 - 5; 15 - 7; 15 - 9; 7 - 3"
"CHOYP_DVIR_GJ11267.1.1m.29991",6.852,0.0014883,2.8273,0.048689,"3 - 11; 5 - 11; 3 - 13; 5 - 13; 3 - 15; 5 - 15; 7 - 15; 3 - 5; 3 - 7; 3 - 9; 5 - 9"
"CHOYP_LOC100369935.1.1m.40124",6.8397,0.0015012,2.8236,0.048919,"3 - 11; 5 - 11; 7 - 11; 3 - 13; 5 - 13; 7 - 13; 3 - 15; 5 - 15; 7 - 15; 3 - 9"
"CHOYP_LOC100367205.1.1m.24472",6.8303,0.0015111,2.8207,0.049048,"3 - 11; 7 - 11; 3 - 13; 7 - 13; 3 - 15; 7 - 15; 3 - 5; 3 - 7; 3 - 9; 7 - 9"
"CHOYP_LOC100371750.2.2m.64949",6.8152,0.0015272,2.8161,0.049203,"3 - 11; 7 - 11; 9 - 11; 7 - 13; 9 - 13; 3 - 15; 5 - 15; 7 - 15; 9 - 15; 9 - 5"
"CHOYP_BRAFLDRAFT_114859.1.1m.37271",6.8148,0.0015276,2.816,0.049203,"3 - 11; 5 - 11; 3 - 13; 5 - 13; 3 - 15; 5 - 15; 3 - 7; 3 - 9; 5 - 7; 5 - 9"
"CHOYP_contig_036899m.41515",6.8065,0.0015366,2.8134,0.04923,"3 - 11; 5 - 11; 9 - 11; 3 - 13; 5 - 13; 9 - 13; 3 - 15; 3 - 5; 3 - 7; 3 - 9"
"CHOYP_PTN11.4.4m.62828",6.8031,0.0015403,2.8124,0.04923,"3 - 11; 3 - 13; 3 - 15; 3 - 5; 3 - 7; 3 - 9"
"CHOYP_NEMVEDRAFT_V1G166546.1.1m.10454",6.7879,0.0015569,2.8077,0.04957,"3 - 11; 3 - 13; 3 - 15; 3 - 5; 3 - 7; 3 - 9"
"CHOYP_NEMVEDRAFT_V1G157638.1.1m.31214",6.7696,0.0015771,2.8022,0.049846,"3 - 11; 5 - 11; 7 - 11; 3 - 13; 5 - 13; 7 - 13; 3 - 15; 5 - 15; 7 - 15; 5 - 9"
"CHOYP_FUTSC.4.4m.59503",6.7692,0.0015775,2.802,0.049846,"5 - 11; 7 - 11; 7 - 13; 7 - 15; 7 - 3; 7 - 5; 7 - 9"
