CHOYP_1433G.2.2.m.63450,CHOYP_GELS2.2.2.m.30443,CHOYP_GLIPR1L1.1.1.m.41745,CHOYP_GPMA.1.1.m.35689,CHOYP_GST7.1.1.m.59335,CHOYP_GSTZ1.1.1.m.56540,CHOYP_H3.1.2.m.3829,CHOYP_IDLC.1.1.m.63624,CHOYP_ISCW_ISCW008219.1.2.m.46822,CHOYP_KCP.8.13.m.40457,CHOYP_LOC100123907.1.1.m.2987,CHOYP_LOC100168945.1.1.m.37004,CHOYP_LOC100175722.1.3.m.11427,CHOYP_LOC100367201.2.2.m.61573,CHOYP_LOC100367787.1.1.m.52250,CHOYP_LOC100368022.1.1.m.55588,CHOYP_LOC100368360.1.1.m.9672,CHOYP_LOC100369657.2.2.m.45309,CHOYP_LOC100370551.1.1.m.64375,CHOYP_LOC100371099.1.1.m.20282,CHOYP_LOC100371236.1.1.m.62865,CHOYP_LOC100372287.1.1.m.10381,CHOYP_LOC100372505.2.2.m.26614,CHOYP_LOC100374522.1.1.m.66943,CHOYP_LOC100376187.1.2.m.22540,CHOYP_LOC100376187.2.2.m.55240,CHOYP_LOC100378071.1.1.m.40488,CHOYP_LOC100378760.1.1.m.37015,CHOYP_LOC100378844.1.4.m.7322,CHOYP_LOC100485485.1.1.m.27961,CHOYP_LOC100533521.2.2.m.52097,CHOYP_LOC100555907.1.1.m.27452,CHOYP_BRAFLDRAFT_100695.1.1.m.47761,CHOYP_LOC100743548.1.2.m.18991,CHOYP_LOC100862999.1.1.m.11759,CHOYP_LOC100879250.1.1.m.24381,CHOYP_LOC100890512.1.1.m.36422,CHOYP_LOC100903522.1.3.m.2296,CHOYP_LOC101156833.1.1.m.38739,CHOYP_LOC101169658.1.3.m.18820,CHOYP_LOC101416772.1.1.m.30815,CHOYP_LOC494408.1.1.m.29208,CHOYP_LOC552559.1.2.m.39702,CHOYP_BRAFLDRAFT_115608.1.1.m.25984,CHOYP_LOC581387.1.1.m.56997,CHOYP_LOC659512.1.4.m.6122,CHOYP_LOC659512.3.4.m.26463,CHOYP_LOC754355.1.1.m.66745,CHOYP_LOC754557.1.2.m.5492,CHOYP_NEMVEDRAFT_V1G247177.1.1.m.63233,CHOYP_NEMVEDRAFT_V1G97278.2.2.m.63648,CHOYP_NPC2.6.7.m.31030,CHOYP_BRAFLDRAFT_119799.1.1.m.23765,CHOYP_PIF.3.6.m.18904,CHOYP_PLIN2.1.1.m.23758,CHOYP_PMAR_PMAR003946.2.2.m.31102,CHOYP_PSA4.1.1.m.19303,CHOYP_RAB7A.1.2.m.23790,CHOYP_RCOM_1886900.1.1.m.11248,CHOYP_RL24.6.9.m.43123,CHOYP_RL40.1.7.m.3623,CHOYP_RS5.1.2.m.146,CHOYP_RS9.9.13.m.44486,CHOYP_SBP1.1.2.m.2083,CHOYP_SCP.9.12.m.62606,CHOYP_SEP11.1.2.m.19430,CHOYP_SMP_045300.1.1.m.927,CHOYP_SMP_143090.1.1.m.6805,CHOYP_SPI2.16.37.m.16200,CHOYP_SPTCA.1.2.m.1905,CHOYP_SPTCA.2.2.m.25615,CHOYP_TBA.3.6.m.29936,CHOYP_TBCA.1.1.m.12075,CHOYP_TEKT3.1.1.m.37281,CHOYP_TEKT5.1.1.m.60031,CHOYP_TEKT5.1.1.m.60033,CHOYP_TEMPT.1.3.m.4934,CHOYP_TNNC.1.1.m.66691,CHOYP_TRIADDRAFT_32712.3.4.m.44104,CHOYP_UCHL.1.1.m.29303,CHOYP_VATG.1.2.m.4407,CHOYP_VOLCADRAFT_93060.2.2.m.26741,CHOYP_BRAFLDRAFT_125119.1.1.m.57550,CHOYP_contig_005590.m.6345,CHOYP_contig_008002.m.9263,CHOYP_contig_023538.m.26787,CHOYP_contig_023655.m.26913,CHOYP_contig_023710.m.26965,CHOYP_contig_023897.m.27203,CHOYP_BRAFLDRAFT_125880.1.3.m.7081,CHOYP_contig_026477.m.30166,CHOYP_contig_026567.m.30260,CHOYP_contig_026723.m.30427,CHOYP_contig_027304.m.31034,CHOYP_contig_038370.m.43386,CHOYP_contig_039285.m.44499,CHOYP_contig_043813.m.50619,CHOYP_contig_047731.m.56360,CHOYP_14332.1.2.m.5643,CHOYP_14332.2.2.m.61737,CHOYP_PDIA1.1.1.m.5297,CHOYP_AGAP_AGAP007120.1.1.m.57542,CHOYP_BRAFLDRAFT_127065.6.7.m.30727,CHOYP_BRAFLDRAFT_102424.4.6.m.51652,CHOYP_BRAFLDRAFT_113849.1.1.m.53400,CHOYP_BRAFLDRAFT_114866.4.5.m.35627,CHOYP_RS3A.4.15.m.15367,CHOYP_AATM.1.1.m.32176,CHOYP_BRAFLDRAFT_120058.1.1.m.9895,CHOYP_BRAFLDRAFT_121562.1.1.m.37268,CHOYP_BRAFLDRAFT_275083.2.2.m.66604,CHOYP_BRAFLDRAFT_279789.3.3.m.48128,CHOYP_BRAFLDRAFT_281651.5.8.m.25278,CHOYP_BRAFLDRAFT_61845.1.1.m.37831,CHOYP_BRAFLDRAFT_208436.4.32.m.22689,CHOYP_BRAFLDRAFT_89961.1.3.m.5717,CHOYP_BRAFLDRAFT_90098.4.4.m.28113,CHOYP_CALM.15.50.m.30007,CHOYP_CALM.50.50.m.67046,CHOYP_CALUB.1.2.m.57842,CHOYP_CATB.1.2.m.5440,CHOYP_CBX1.3.4.m.27106,CHOYP_BRAFLDRAFT_130809.1.1.m.5127,CHOYP_BRAFLDRAFT_130974.1.1.m.28374,CHOYP_CNDP2.3.4.m.30467,CHOYP_CNE_1C34780.3.3.m.30615,CHOYP_CO6A5.1.6.m.5840,CHOYP_CUL3B.1.1.m.61644,CHOYP_CYC.1.5.m.5663,CHOYP_CYIIB.2.2.m.64544,CHOYP_RS23.1.9.m.12948,CHOYP_DSEC_GM19691.1.1.m.30070,CHOYP_DVIR_GJ23521.1.1.m.2757,CHOYP_EF1A.2.4.m.50858,CHOYP_EF2.4.5.m.30186,CHOYP_EIF5A.1.3.m.22684,CHOYP_BRAFLDRAFT_201924.1.1.m.30855,CHOYP_F10A1.2.4.m.11805,CHOYP_FLNC.2.5.m.37450,CHOYP_FLNA.2.6.m.11845,CHOYP_GBLP.3.7.m.20931,CHOYP_GIGA6.1.1.m.38687,CHOYP_LOC101157371.3.3.m.51109,CHOYP_HSP7D.2.3.m.34782,CHOYP_GRP78.2.5.m.33058,CHOYP_HSP90AA1.1.1.m.14867,CHOYP_SC31A.1.2.m.8241,CHOYP_INSI2.1.1.m.59456,CHOYP_NUCL.2.2.m.21719,CHOYP_BT3L4.1.1.m.2144,CHOYP_ISCW_ISCW019177.2.4.m.56600,CHOYP_KARG.2.11.m.2196,CHOYP_LDLR.6.7.m.57984,CHOYP_LOC100121788.1.1.m.28436,CHOYP_RS6.10.12.m.44863,CHOYP_LOC100180023.1.7.m.11060,CHOYP_LOC100185549.5.6.m.62694,CHOYP_LOC100186361.3.3.m.66600,CHOYP_LOC100366813.4.6.m.31116,CHOYP_ISCW_ISCW001285.2.2.m.15985,CHOYP_LOC100371249.1.1.m.63117,CHOYP_LOC100373956.1.1.m.10987,CHOYP_LOC100374495.1.1.m.55368,CHOYP_LOC100375029.3.10.m.11445,CHOYP_LOC100376688.1.8.m.12067,CHOYP_LOC100376902.1.1.m.20390,CHOYP_LOC100377378.1.1.m.64418,CHOYP_LOC100533294.1.3.m.35108,CHOYP_RL23A.3.6.m.31005,CHOYP_LOC100533447.2.3.m.44496,CHOYP_LOC658201.1.1.m.42880,CHOYP_LOC100633077.4.4.m.62658,CHOYP_LOC100633077.1.4.m.4444,CHOYP_LOC100695151.2.2.m.30573,CHOYP_LOC100699383.1.1.m.63490,CHOYP_LOC100710670.2.2.m.45011,CHOYP_LOC100881900.1.3.m.1852,CHOYP_LOC100893889.2.2.m.64935,CHOYP_MLRA.3.3.m.62296,CHOYP_LOC100908688.1.5.m.30293,CHOYP_LOC101067698.2.2.m.27457,CHOYP_LOC101072646.1.1.m.8800,CHOYP_LOC101169658.2.3.m.20752,CHOYP_LOC101173335.4.4.m.49816,CHOYP_DSIM_GD13062.1.1.m.3175,CHOYP_BRAFLDRAFT_246510.1.1.m.27433,CHOYP_BRAFLDRAFT_246978.1.1.m.6916,CHOYP_CTSL2.1.2.m.2936,CHOYP_LOC587133.1.1.m.61281,CHOYP_LOC589479.2.2.m.57247,CHOYP_LOC660560.1.4.m.31036,CHOYP_LOC663855.5.5.m.51311,CHOYP_LOC663855.2.5.m.747,CHOYP_ACAA2.1.1.m.30666,CHOYP_BRAFLDRAFT_264461.1.1.m.51481,CHOYP_MTND.2.3.m.41824,CHOYP_MYS.7.7.m.44342,CHOYP_MLE.1.9.m.15462,CHOYP_MYSP.8.9.m.44813,CHOYP_MYSP.1.9.m.1097,CHOYP_MYSP.4.9.m.2302,CHOYP_NEMVEDRAFT_V1G120119.1.2.m.6082,CHOYP_NEMVEDRAFT_V1G203842.1.1.m.60812,CHOYP_contig_025398.m.28945,CHOYP_NRP.4.4.m.44647,CHOYP_LOC101470738.2.2.m.26124,CHOYP_LOC752782.1.1.m.53937,CHOYP_ACT.5.27.m.15585,CHOYP_NEMVEDRAFT_V1G242065.1.1.m.21817,CHOYP_ACTC.3.6.m.21571,CHOYP_ACT.6.27.m.15622,CHOYP_LOC100890099.1.1.m.11505,CHOYP_ACT3.3.3.m.66907,CHOYP_ACT.23.27.m.58454,CHOYP_PAN2.1.1.m.44691,CHOYP_ABCF2.1.2.m.28362,CHOYP_PAN2.1.1.m.44693,CHOYP_PHUM_PHUM289860.1.1.m.44779,CHOYP_LOC100222774.1.1.m.56992,CHOYP_PRP6.2.2.m.34365,CHOYP_QCR2.1.1.m.35613,CHOYP_RL10.1.3.m.11695,CHOYP_RL14.2.9.m.10151,CHOYP_RL18A.1.8.m.12900,CHOYP_RL4.6.6.m.66341,CHOYP_RL8.10.10.m.65636,CHOYP_RL9.5.6.m.63453,CHOYP_LOC100175959.4.7.m.28172,CHOYP_RLA1.5.12.m.15482,CHOYP_RLA1.3.12.m.12071,CHOYP_RN45S.2.5.m.14111,CHOYP_ODC1.1.1.m.12032,CHOYP_ROA3.2.2.m.11068,CHOYP_ROAA.3.6.m.39522,CHOYP_TPM.7.19.m.15554,CHOYP_RS15A.5.11.m.18785,CHOYP_RS15A.6.11.m.23616,CHOYP_RS19.3.12.m.15295,CHOYP_RS3.2.7.m.23037,CHOYP_RS4.3.11.m.15465,CHOYP_CTL2.1.2.m.3858,CHOYP_LOC100375405.1.1.m.48387,CHOYP_RS9.8.13.m.41198,CHOYP_RS9.11.13.m.49921,CHOYP_SAHHA.1.1.m.62610,CHOYP_SCP.8.12.m.57173,CHOYP_SMP_078690.3.5.m.2272,CHOYP_TBA2.1.1.m.955,CHOYP_TBA1A.2.4.m.19573,CHOYP_TBA.1.6.m.12217,CHOYP_LOC754102.1.1.m.57578,CHOYP_LOC100373045.1.1.m.16825,CHOYP_LOC584364.2.2.m.57790,CHOYP_TBA1.2.9.m.9962,CHOYP_TBA3.1.1.m.5111,CHOYP_LOC100533261.1.1.m.36141,CHOYP_TBA.5.6.m.37448,CHOYP_TBB4B.7.7.m.63980,CHOYP_TBB4B.1.7.m.12262,CHOYP_LOC100366728.1.1.m.57452,CHOYP_TPM.17.19.m.63919,CHOYP_TPM2.8.8.m.50799,CHOYP_TPM.18.19.m.66023,CHOYP_TPM.19.19.m.66623,CHOYP_TRIADDRAFT_57086.1.1.m.25271,CHOYP_TXND3.2.4.m.21415,CHOYP_TXND3.1.4.m.3505,CHOYP_contig_008261.m.9575,CHOYP_contig_016567.m.19514,CHOYP_contig_025149.m.28635,CHOYP_contig_010181.m.11866,CHOYP_contig_025684.m.29301,CHOYP_contig_027060.m.30790,CHOYP_contig_039966.m.45203,CHOYP_contig_055984.m.66583,CHOYP_contig_041958.m.48141,CHOYP_contig_043238.m.49940,CHOYP_contig_043874.m.50696,CHOYP_contig_027562.m.31253,CHOYP_contig_016017.m.18760,CHOYP_contig_045550.m.53021,CHOYP_contig_047707.m.56320,CHOYP_contig_048973.m.58107,CHOYP_contig_052083.m.62396,CHOYP_LOC100119310.1.1.m.22032,CHOYP_G6PD.1.2.m.38380,CHOYP_ACT3A.1.1.m.25943,CHOYP_BRAFLDRAFT_99083.1.1.m.11705,CHOYP_ACTN.1.2.m.15252,CHOYP_CDPK5.1.1.m.6214,CHOYP_COCA1.3.6.m.49360,CHOYP_contig_033285.m.37973,CHOYP_COPD.1.1.m.37390,CHOYP_CYT5.1.1.m.29962,CHOYP_CYTA.1.1.m.10540,CHOYP_DGRI_GH15313.1.1.m.5763,CHOYP_DPSE_GA16367.1.1.m.22618,CHOYP_DYNLL2.2.2.m.37356,CHOYP_EIF3I.1.1.m.56504,CHOYP_ERF1.1.1.m.37540,CHOYP_ALF.2.3.m.40474,CHOYP_FUCL1.1.1.m.28893
120.9007,183.0987,0.1,79.4135,123.6369,24.8797,87.38795,76.80845,165.7789,0.1,83.2243,107.5204,63.32875,64.7319,81.075,74.7108,45.0905,0.1,96.83915,48.9653,59.50635,70.90175,88.1724,47.5426,44.7728,82.2571,62.8649,104.8842,85.1917,114.6588,84.26195,79.76445,58.04665,9.7179,135.8972,81.34605,69.9783,181.1159,3.99665,0.1,89.6047,46.0875,38.37675,317.32395,82.7463,89.76195,33.94715,59.7855,26.30685,101.55195,0.1,87.8344,235.3342,0.1,45.1219,137.18755,73.2704,72.6079,46.6044,0.1,47.9366,97.63145,0.1,26.04495,18.47945,43.94355,79.13145,112.5041,41.50925,25.59665,23.1402,92.82025,60.6583,134.07565,71.4217,109.40505,4.10335,172.4397,77.02605,125.549,42.6448,572.0971,80.6781,69.23995,88.21265,104.21645,52.5516,3.8405,56.60495,91.68575,61.0133,48.3691,62.65365,89.7998,33.35565,47.69765,127.1861,28.94645,98.67095,103.18375,158.5875,180.21225,332.54005,47.17755,122.22525,421.346,136.9162,84.44405,64.25925,74.2668,170.77375,94.0566,61.83815,77.46075,65.48135,3.3002,34.80195,37.2131,14.07095,6.91535,247.83465,0.1,72.59215,67.27445,72.6186,9.5424,66.75455,0.1,26.8026,172.34605,143.2631,101.4674,220.6699,559.1337,87.2947,202.0064,77.79885,18.71145,79.8377,0.98865,362.2449,0.1,26.3606,114.974,88.7067,134.04235,59.85105,208.3032,44.10005,166.49615,94.1888,473.353,75.22025,33.86615,46.4308,199.37415,87.2328,108.5533,69.81015,0.1,68.10695,74.6417,124.81395,28.4234,100.35785,94.41815,88.35055,209.5251,57.87915,133.3098,18.7094,138.46065,53.81475,33.9602,151.9164,67.8551,82.3125,189.05415,26.51855,63.0252,41.31655,109.4635,3.40875,182.6314,13.976,59.9167,60.3898,32.5878,298.17555,90.26755,84.2122,35.74725,34.75675,73.22175,47.21365,43.6724,215.68245,332.974,161.40425,364.6204,259.19385,121.978,70.07555,67.0754,3.8448,0.1,0.1,0.1,383.3097,12.4128,0.1,328.4778,325.8941,234.6437,373.3665,381.0581,23.562,190.77385,90.32615,111.52565,159.7045,92.3071,70.8825,50.05615,64.6207,0.1,123.62345,230.37915,0.1,197.80375,27.0067,78.64235,14.9124,0.1,120.0044,76.4027,0.1,110.784,186.7904,9.84135,84.7885,31.2891,22.1518,24.06335,83.3592,18.4486,122.86485,329.57535,0.1,441.20555,727.5924,206.1743,69.9232,40.22125,52.2132,56.92825,12.484,549.2633,290.5583,0.1,0.1,36.88545,88.92355,0.1,283.9452,60.28185,56.45885,63.66895,0.1,106.2938,57.41005,54.17385,50.35635,0.1,13.26755,118.6971,26.96685,41.1662,0.1,64.21255,4.5103,74.04565,46.81325,11.0784,39.3552,20.90025,54.5923,113.4626,94.7884,116.35095,43.61575,0.1,73.15925,25.87115,46.16,202.51515,78.895,170.75725,50.78125,59.1571,120.2378,70.3799
143.89375,185.28225,0.1,74.5617,90.84945,16.4273,123.1331,63.6912,167.6293,50.77665,84.84615,112.21565,40.44215,51.22715,77.0274,39.0412,13.23105,7.4162,59.30175,16.15505,54.37625,14.0375,26.18775,12.2129,48.47275,99.59335,37.5154,96.89525,44.98495,34.57355,72.0493,42.10995,22.9858,15.38925,143.5198,81.2264,42.5796,253.0557,4.22635,1.29665,77.4057,24.86425,40.53215,319.00745,56.9632,54.1536,55.1724,16.83,46.27075,112.09885,109.03595,169.40075,182.3705,25.6048,56.8983,150.3868,79.64735,62.459,27.32765,56.3421,63.2263,108.2089,45.11105,40.6646,35.74125,67.15225,73.10545,38.8366,43.86195,58.86745,58.99015,42.4738,51.2294,67.0508,34.943,81.08845,17.07575,189.77225,34.85715,137.7638,49.9866,426.33875,53.5665,36.55435,55.87775,46.3273,0.1,65.8692,21.34355,126.2274,34.69275,37.1329,18.6009,57.95885,64.5474,65.84635,173.2846,13.0947,141.5268,157.8136,192.19745,145.3475,409.3657,59.814,121.0021,379.9062,142.32285,109.4038,32.3118,97.47705,120.20495,112.55595,46.78695,39.65035,115.42755,20.6415,35.0893,43.17945,19.8252,14.61815,246.24705,0.1,100.83825,72.13525,49.49505,23.5273,66.67545,0.1,70.74595,191.70125,154.6066,107.1271,278.71805,640.90765,162.3416,264.8347,23.47095,28.24955,92.3463,9.43,425.33875,56.6647,34.8158,120.5127,116.61385,137.61145,97.10055,184.6827,90.1997,165.65195,52.0913,315.134,121.30315,55.36795,62.53965,241.7394,68.10135,129.5933,76.17645,0.1,73.4976,85.03095,57.6613,34.2105,110.18785,53.16815,54.09305,255.07285,75.6529,152.1162,32.07675,138.08585,24.3728,57.92895,173.77845,60.1,96.9213,171.60535,63.03515,104.60615,8.729,146.2081,19.7923,161.76515,24.57455,7.49825,29.99395,38.01855,322.4196,58.5983,87.42345,0.1,79.197,72.9223,13.1124,74.90605,200.9657,359.04445,233.93735,129.96875,647.8137,127.33375,11.38305,9.2352,77.2693,0.1,0.1,0.1,435.7323,13.10745,140.6195,288.3051,290.44295,122.3171,0.1,379.9659,0.1,217.8219,95.39885,107.81295,142.4638,138.0945,85.0072,56.17405,15.31695,0.1,144.7951,248.43725,0.1,229.75985,28.4329,83.07875,32.42985,53.70375,60.90755,108.9029,0.1,124.7666,206.41895,58.92315,41.91565,34.9761,61.1023,66.38675,107.3195,48.7378,178.6322,282.44035,0.1,290.4356,167.07585,147.667,0.1,10.00215,21.28945,96.75775,21.9901,206.3763,590.1862,0.1,80.1025,0.1,6.30665,53.7458,248.016,0.1,0.84485,3.41025,13.70845,17.7225,10.7455,70.35475,60.41835,33.71315,7.0041,137.85705,75.0483,0.1,0.1,63.5699,51.6704,40.53525,15.0517,2.975,56.59675,31.09825,61.78035,50.3342,108.2125,283.64355,15.3502,34.06155,38.6203,38.2564,19.4948,169.3986,74.23755,124.18225,45.2453,68.68435,122.40865,0.1
118.5597,189.6847,0.1,76.5483,191.6692,35.95025,93.5389,84.6018,173.3111,0.1,63.6239,102.4021,61.0254,58.4454,72.87085,56.3053,28.99205,1.0193,67.1805,35.414,51.819,51.25795,23.9445,27.23655,106.27985,0.1,55.309,88.39365,71.8458,78.84705,77.36905,59.7973,50.10535,4.7435,108.06035,74.12125,58.2941,159.1001,0.1,0.1,78.487,36.50405,42.24745,305.804,53.71335,64.31805,22.63845,61.45385,38.86745,97.82465,63.32175,173.0241,198.01155,1.28285,59.1702,137.20155,70.59725,57.0114,39.8784,14.39685,54.8355,112.8553,0.1,38.20295,14.81785,51.2654,76.2445,83.37135,35.5808,26.1025,32.6673,77.5374,50.61465,118.97745,63.79385,107.65065,15.5828,219.06835,63.63915,120.95665,50.18955,508.734,70.5245,47.26275,91.8278,100.41455,40.9,56.46315,38.97675,134.3781,54.27575,50.82965,37.7181,62.4946,57.1377,53.02665,110.67575,23.9177,87.46525,146.11925,181.8847,161.03695,542.66385,49.2831,125.12755,273.6752,137.98365,89.98225,47.19385,69.41495,143.4055,112.77925,63.14915,54.2643,42.2917,28.26325,42.6892,42.9835,27.115,23.34985,255.9161,0.1,95.73725,60.7744,78.99055,12.2537,53.8971,19.04625,43.04125,180.86145,125.7829,89.8193,191.80265,592.91925,138.03715,352.3577,48.20825,11.6057,81.5414,0.5269,428.83955,10.74015,44.47595,126.9403,123.3605,134.85675,65.9412,176.56625,63.7133,166.5921,69.15575,410.63725,81.71735,37.886,49.3528,192.19015,109.6113,100.07095,73.99635,0.1,59.9283,83.2742,152.828,0.1,104.39245,82.9177,70.1014,226.3257,61.0916,131.05245,27.02335,137.1061,62.97955,42.81675,167.74565,59.07755,79.356,188.45175,67.0892,82.4542,55.68035,133.43575,8.2151,74.04785,22.4362,23.80465,34.2296,34.65355,365.99355,67.10185,99.0184,35.93955,35.3492,83.8466,21.53385,49.95995,229.6529,405.21395,203.59025,79.74485,853.89705,121.57785,35.0581,30.892,30.38435,0.1,255.1912,563.3507,330.5441,8.9775,0.1,0.1,174.55785,134.8912,507.825,288.97795,41.5818,187.8745,94.60105,126.77505,152.2317,103.78975,74.4871,54.291,41.87985,34.99265,106.2045,207.79305,0.1,214.37745,0.1,93.95235,13.5275,45.95765,2.2794,84.6856,0.1,106.77835,171.61435,31.0485,53.80035,40.78645,61.0782,66.36065,96.84395,41.4809,129.51995,257.928,108.6418,544.12625,194.2018,170.21135,0.1,20.5417,69.65905,121.69455,4.073,428.7215,333.21015,0.1,0.1,48.61635,91.4025,0.1,358.1622,53.9207,31.24205,58.2711,0.1,80.9199,29.2314,64.2262,52.93005,18.7335,6.39175,125.73595,25.97115,13.24905,0.1,54.13485,14.9985,60.7758,15.7871,13.3495,55.0928,0.1,60.1365,78.71115,121.5965,157.4112,40.64145,43.44165,40.28015,44.90425,53.34865,198.74295,74.34355,153.60745,50.4617,51.2963,103.4499,0.1
128.23965,194.53895,12.4722,69.13695,110.3914,30.26545,225.70505,53.3569,182.96485,59.6474,43.3986,117.5374,12.7337,48.047,46.7197,31.1592,0.1,35.7806,62.7781,9.92455,51.93095,9.64005,0.1,5.5585,113.8238,45.01725,32.48205,99.15725,28.79905,3.0026,86.711,38.303,20.9078,10.49975,132.1916,90.2335,34.6153,454.644,4.33125,11.4905,87.99935,12.1672,53.3392,296.10185,42.7547,105.33865,79.0536,12.92335,53.03595,119.69695,91.2943,313.6516,135.1129,42.74685,77.18625,142.48785,67.5298,55.17835,11.1866,54.19635,61.4805,116.05305,52.759,53.8441,26.5894,58.7221,48.06855,39.7396,24.92945,32.66755,68.98445,16.71245,61.159,47.0204,16.9298,50.29285,30.55995,166.4778,11.89635,125.0128,51.15255,288.0599,36.8423,15.5995,7.624,35.57125,0.1,69.44875,13.11205,159.34105,5.0719,61.72715,12.68875,16.1833,94.0553,103.05035,146.27645,0.1,85.1363,104.56825,214.79685,180.59195,308.91265,54.41025,127.9704,368.34415,147.9043,117.4958,23.1606,94.8781,104.0843,115.18005,21.94445,35.4958,106.3274,31.6897,35.91165,52.2108,30.44655,11.2272,255.46215,0.1,107.30215,73.822,104.99115,55.04335,66.2875,0.1,91.7105,199.50485,89.4185,97.77665,224.44575,571.5056,181.73775,353.8099,4.0592,57.82895,73.8518,43.0011,489.65625,68.9313,46.306,136.91115,112.1083,159.22135,67.0222,175.5291,72.92075,148.75115,19.38415,345.74835,161.06705,68.4481,63.99205,251.34575,65.5996,124.11505,85.49785,0.1,68.8169,103.9825,47.7622,56.7905,125.775,60.0667,48.9342,232.1768,142.9484,172.0833,60.6211,108.04735,24.93685,76.21795,242.8087,54.40415,95.75755,157.7488,57.30425,111.919,4.52295,139.21365,44.1958,0.1,15.0954,0.1,26.84935,51.8921,230.12915,50.54735,107.97865,37.09025,47.74915,77.6268,8.04735,94.34245,187.17905,299.1689,236.83535,68.80505,1028.244,181.83625,13.10765,9.44505,91.3466,0.1,306.24855,463.18325,402.33715,13.42145,0.1,295.2852,225.96765,0.1,0.1,446.01025,0.1,230.5502,123.0863,131.1007,141.97695,110.82225,90.46865,74.38795,47.0642,0.1,101.67995,296.5784,0.1,293.82695,29.14605,74.80045,23.67845,49.70265,59.774,111.44815,0.1,123.66895,206.53595,70.8556,91.62765,29.8219,32.8518,77.6316,130.80655,79.8178,157.74835,271.54695,0.1,122.06685,350.31135,153.1156,51.6521,25.475,64.10055,92.4262,13.50635,238.3056,651.83105,0.1,0.1,0.1,57.74415,0.1,439.4165,0.8264,1.6739,0.1,46.7566,12.09065,14.5972,63.01185,79.1459,41.9989,35.8374,226.5756,87.3854,0.1,0.1,39.02515,144.2132,3.00835,2.2536,9.01385,50.1782,12.3871,63.2139,46.59965,120.9762,278.282,0.1,31.3193,28.22195,50.3148,0.1,193.9978,79.6772,114.7779,48.01085,63.8952,119.0668,0.1
115.08225,171.94155,8.95955,70.5365,151.0817,36.24085,103.24755,95.66545,143.62965,32.7741,52.27795,104.264,10.0642,46.98375,52.44605,36.63195,7.443,38.04445,62.1015,11.88005,68.83345,21.55925,2.68945,11.33985,105.7047,14.0699,30.0848,101.7055,51.82515,0.1,97.33525,25.8035,15.27395,9.4311,75.81055,72.5296,43.83305,242.87365,15.25855,12.62335,78.95115,10.9173,31.935,329.709,52.36095,81.966,81.07655,0.1,61.287,85.0569,91.2334,252.0057,156.3725,35.9045,74.30145,123.0079,66.88025,44.26015,15.00625,48.64115,60.98365,208.83265,51.89025,51.6829,29.86515,67.278,62.3339,33.5983,17.80165,64.45,2.9032,14.8979,50.95905,37.7092,20.33005,56.4973,27.41575,152.94355,10.7269,90.79005,45.94635,251.0703,50.02315,19.63565,13.7859,37.18775,0.1,71.48185,4.0253,150.779,2.298,68.1513,15.1466,24.1515,80.9291,92.56215,111.3921,0.1,51.67795,170.54605,209.10535,183.99195,314.21385,45.77575,137.22225,321.98585,88.8072,96.87005,14.889,104.7203,106.1839,113.5736,17.8956,34.0782,52.40455,38.0292,39.93395,50.51015,13.60735,13.48335,212.4263,0.1,77.9039,78.53135,46.10655,52.56195,71.7701,22.60815,43.35265,152.19475,216.5887,87.7166,109.4146,671.2199,197.80085,380.49725,3.5958,40.1679,33.6706,74.4623,443.17085,61.84975,35.07235,171.74285,108.79245,164.71895,53.80155,210.60255,71.10185,183.2932,23.969,341.04545,156.55645,70.99845,74.61725,239.97475,92.0018,132.7258,90.3483,0.1,69.0686,89.7703,50.4101,43.16275,116.86355,46.86065,42.44965,204.63215,69.53675,166.6064,43.2452,104.4301,70.39145,83.71195,214.8679,55.3003,126.0663,132.10545,60.40925,104.8922,8.02345,197.0244,58.0008,57.98815,13.61145,0.1,31.059,41.8041,410.38745,35.7148,120.48365,33.7062,46.10155,88.3377,7.2635,95.40245,155.28895,268.20645,192.5266,47.1293,992.7304,189.22455,17.05495,8.5251,83.1723,0.1,439.6172,0.1,388.00225,27.2624,0.1,0.1,303.09585,110.9911,0.1,407.59395,95.46415,198.82895,122.1022,137.33525,122.26445,141.69625,96.76515,94.1909,76.6954,65.5976,135.5611,304.21635,204.6253,168.05425,29.1316,73.22525,0.1,0.1,105.24525,122.39265,0.1,128.9234,200.18915,34.3459,99.6492,35.7659,82.94425,43.06565,133.78185,77.57105,148.333,219.92985,115.5204,198.43425,196.68555,124.54865,31.67075,57.98815,87.3643,80.59075,12.07275,242.1056,548.0101,0.1,87.95335,0.1,5.8748,46.065,350.48735,0.1,0.7708,0.1,42.10795,13.61065,16.4324,80.9439,62.2567,40.3837,16.22155,288.43815,76.24115,0.1,0.1,27.16605,122.97385,16.0373,7.9055,28.2049,31.673,0.1,45.42865,59.51435,119.54305,338.81155,0.1,27.8101,20.2858,55.3303,0.1,170.5402,64.97355,84.73435,50.81045,63.15635,111.1261,0.1
131.306,154.5551,32.67995,71.64775,95.3119,34.64195,78.645,61.1821,171.6504,43.3477,0.1,92.4869,0.1,41.0569,35.5541,39.66485,0.1,54.8491,56.8785,12.4015,74.1224,13.41545,0.1,12.98965,141.78735,3.42265,32.27155,82.8962,43.04035,0.1,101.70815,0.1,19.54675,34.5152,137.7095,73.5121,40.85575,231.83125,8.0167,42.9906,86.60235,0.1,38.9577,324.85095,52.77315,83.07495,84.6424,16.14865,63.88875,65.2505,80.79035,294.4002,123.66265,46.5181,66.01955,128.2666,52.40465,68.13455,0.1,51.87445,63.73545,195.2668,55.61665,68.74735,37.41105,55.07595,70.14575,41.6234,23.43665,0.1,69.515,0.1,65.53765,44.0413,13.9935,58.91845,45.0092,144.9805,3.72285,112.20405,57.66775,217.6793,39.59195,14.6479,0.1,27.84555,0.1,76.6097,8.19225,153.41235,0.1,84.464,0.1,0.1,150.23265,115.0759,133.21175,0.1,42.0078,162.3256,218.3173,139.61685,103.11865,50.9778,143.14885,393.18375,168.6881,107.5525,15.61065,95.80885,97.54225,115.3973,0.1,47.66775,0.1,46.13645,38.47995,49.0049,33.34515,12.255,159.2188,0.1,85.23305,63.8899,83.1034,54.78885,195.56425,59.11985,63.4634,177.73915,132.34205,66.6732,175.26185,633.81335,194.4402,268.72595,0.1,51.4446,88.0351,1.50045,482.34845,60.54,30.10155,131.0184,141.6127,146.97335,47.66665,160.5307,74.2623,139.4427,2.29535,344.5519,215.9584,78.5466,73.0789,277.0171,42.3246,148.39325,94.424,0.1,90.0267,95.4711,42.15335,43.03305,146.3912,55.19175,42.1251,251.6689,105.6338,172.26935,49.64045,116.90965,73.5412,106.0043,205.2265,50.93725,108.8765,147.8522,0.1,114.0048,0.1,176.1801,146.70595,0.1,14.09185,0.1,21.58335,45.21195,279.9097,46.35605,118.597,0.1,77.84855,78.30185,7.57875,90.933,177.23985,238.1707,165.4434,98.85255,1045.2724,191.54165,30.0381,26.6161,84.3966,0.1,0.1,0.1,475.6471,11.182,0.1,0.1,239.50675,92.8963,810.1043,318.15515,52.3941,227.49865,131.1971,104.64565,138.5982,124.64285,97.80145,91.9796,25.40175,59.23445,136.39665,268.2842,108.02525,210.78915,59.8029,69.99655,0.1,0.1,50.88835,104.44775,0.1,131.0701,204.5834,73.4698,25.54785,0.1,47.0372,51.10525,137.81005,80.98435,157.5067,218.7355,0.1,117.4925,325.65965,91.4181,0.1,52.64645,75.8018,78.1568,0.1,217.41635,604.962,0.1,0.1,0.1,0.1,103.07135,436.48325,0.1,0.80355,0.1,70.2484,0.1,0.1,54.9002,67.2743,42.19295,37.00235,288.6936,77.1775,0.1,0.1,20.3321,241.27555,0.1,2.08895,19.67365,50.68595,0.1,47.4225,57.52345,112.8756,325.5421,0.1,55.42595,26.53205,31.3445,0.1,174.47205,67.69595,126.794,48.20015,107.6996,108.73615,0.1
121.2016,175.9173,35.37035,67.4694,85.10795,25.40265,64.17125,56.1739,147.39745,43.61745,76.47595,103.41805,0.1,49.3507,41.40915,34.71245,2.55895,67.57945,53.6217,18.73625,77.11845,18.25845,0.1,11.87725,109.83915,45.66935,29.7832,77.1126,49.0156,0.1,106.33325,0.1,24.68165,9.91595,103.76295,76.25845,49.5993,228.2578,24.37665,40.88315,95.1923,0.1,33.5768,350.14205,47.78225,60.33345,92.8572,12.276,64.32305,84.9604,71.7577,269.33205,136.802,36.4157,81.9375,140.3656,61.5793,49.1788,0.1,63.1641,57.99055,141.9722,54.52635,70.5287,50.24085,57.8862,80.55255,46.3229,37.85955,68.44545,2.4211,0.1,61.80595,47.90965,12.6105,66.49525,53.398,194.4996,0.1,110.4345,53.04765,211.39365,36.50865,14.6631,0.1,33.5768,0.1,78.98085,4.25395,146.5397,0.1,99.0282,0.1,0.1,132.39515,115.8232,117.0697,0.1,48.27415,139.14475,210.87905,173.7837,114.6228,48.8064,105.1719,333.60405,97.0305,121.1234,15.67285,80.28515,98.2125,122.70065,0.1,43.2002,0.1,49.68205,46.73965,53.251,23.8586,8.7308,148.92775,0.1,77.96,74.10465,82.6556,61.6566,77.2552,25.60965,82.0466,191.24515,158.9832,78.2396,203.12225,625.9092,175.81705,273.24535,0.1,53.27035,67.2842,37.8434,505.38215,69.2108,60.81375,117.95255,114.31075,153.46425,56.6563,182.8177,57.6191,156.9453,2.38175,354.04625,204.01965,75.7649,75.1435,237.45965,53.9041,121.9119,85.4939,0.1,72.3681,102.1807,45.06025,21.06985,147.6016,57.80555,45.40165,227.36825,78.8425,205.0143,47.87815,105.9023,105.9023,85.6185,187.204,64.82935,90.4336,151.98065,0.1,115.14185,0.1,180.9229,188.02175,58.2571,48.03785,0.1,32.67705,13.999,303.24275,52.2114,114.94305,0.1,78.4268,95.5248,5.06915,100.44575,154.20775,217.60245,210.51245,188.0331,784.781,200.1645,29.0099,17.84875,87.6963,0.1,0.1,0.1,502.85645,36.38405,334.28085,0.1,180.14175,196.87485,479.97415,396.1436,47.2394,214.75525,116.1727,143.5327,113.81925,128.36795,91.76125,99.41605,25.59455,74.9791,169.799,290.10765,112.90785,202.0523,57.6706,67.5008,14.08735,0.1,110.6422,65.05745,0.1,139.48995,203.9188,71.0229,22.16285,28.13095,70.45995,76.55375,126.9601,100.601,156.35255,199.71705,0.1,143.3838,413.94255,115.994,0.1,76.5993,79.69585,94.79765,8.4994,247.93235,588.66265,0.1,86.9468,0.1,6.20985,53.80015,254.32635,0.1,0.1,0.1,127.9715,0.1,0.1,50.9964,60.725,42.44315,37.1651,334.24525,80.2197,4.80985,0.1,55.33115,210.8869,5.59615,2.0885,37.06065,54.6285,14.3161,63.8368,60.31525,109.97355,341.3615,0.1,49.22915,21.12615,58.00535,0.1,167.68795,75.1449,116.4331,61.54145,68.23555,118.272,0.1
158.27885,215.75575,12.57765,80.9613,84.08965,25.38225,26.36335,59.70945,163.0716,55.678,97.5569,137.67555,0.1,43.9712,44.17505,35.17405,0.1,46.41675,34.2622,12.49905,52.88355,12.1509,0.1,0.1,136.41405,21.01695,18.57205,62.41835,36.29745,0.1,119.99675,0.1,16.4556,46.2083,138.54975,89.56515,30.6292,217.277,16.15945,46.58235,116.2974,0.1,44.66775,337.6116,44.0712,129.1859,85.2461,5.44355,71.488,94.09835,83.09825,316.85055,153.84015,41.6409,98.8258,129.08695,64.43405,51.20725,0.1,60.9624,52.96755,172.6113,45.6186,80.10135,58.60385,40.92815,60.48,29.41435,62.6956,69.0262,69.14375,0.1,87.84605,54.32915,9.48025,41.11675,60.4363,184.5335,0.1,130.53585,38.67215,204.17855,48.6027,19.62675,0.1,44.73305,0.1,82.2622,0.1,119.18095,0.1,89.66985,0.1,0.1,136.0608,144.5954,67.03175,56.19455,147.3975,50.785,224.67425,191.613,72.7652,51.3414,98.6926,476.0916,148.9086,132.18275,25.0345,113.19005,77.38415,144.96815,0.1,35.11175,59.23735,70.7936,25.79855,95.9989,31.93505,25.8743,162.9313,89.1574,119.41975,87.16645,122.5616,82.2439,93.16305,0.1,127.49875,200.80185,34.82275,111.83275,170.57735,740.4853,240.3578,345.5749,0.1,54.58165,114.8092,14.7119,470.44045,78.48505,76.05965,188.22675,150.12645,147.0302,95.8028,175.4881,80.53735,187.14455,0.1,378.3552,187.681,91.97955,80.5143,215.884,30.8551,138.94645,69.5225,0.1,96.6073,136.1002,45.9427,52.17965,174.70595,51.3414,54.5072,295.7514,97.4367,227.4462,82.5805,146.46385,31.3753,103.02125,266.66645,80.39955,116.1594,153.3859,67.38895,116.2913,0.1,218.7439,199.2166,156.22645,44.21135,0.1,9.74625,44.30475,231.56755,35.4793,118.29155,0.1,75.81215,86.3469,3.4119,44.4802,199.48215,300.1034,140.35225,121.42645,1239.6161,175.3505,43.9712,39.6667,82.33335,14.87955,0.1,0.1,498.7894,40.10375,331.80175,0.1,330.5245,0.1,0.1,518.07615,0.1,249.62065,69.4028,144.73025,154.61105,111.5566,100.6736,51.0886,39.2861,0.1,58.35785,293.14785,152.64515,275.8017,33.09255,94.05085,0.1,0.1,0.1,103.863,0.1,125.4792,212.7173,22.7443,98.09015,7.58795,78.7216,85.52995,149.0352,138.1063,179.5184,119.95235,0.1,158.90965,316.5136,180.0116,0.1,9.705,77.34035,160.3978,0.1,276.3245,479.664,0.1,0.1,0.1,68.8052,76.5507,286.07735,0.1,1.0686,0.1,70.69755,0.1,0.1,39.6071,68.4279,52.8426,36.11175,161.5001,123.2945,0.1,0.1,0.1,251.1216,0.1,0.1,39.5081,34.2058,16.7673,74.2866,61.7489,144.97095,222.02155,0.1,57.00925,35.48805,56.17625,0.1,233.8056,83.90605,159.99805,69.00575,88.39615,134.3168,0.1
168.5959,166.17095,40.4535,67.9054,85.4568,47.8233,103.4651,62.30025,152.45045,34.7568,37.7597,107.9278,0.1,58.1887,44.4424,28.9146,7.773,59.8649,49.87475,12.5838,75.4137,13.74265,0.1,7.92695,130.10575,0.1,28.0648,104.7328,38.60245,0.1,102.9474,0.1,18.8372,9.9898,101.24885,85.7127,40.25775,185.9719,52.80615,49.75815,92.1118,1.08485,39.18025,340.62725,46.43665,63.2687,67.1032,4.2154,70.246,85.41275,44.21045,363.95865,143.9368,49.81275,92.79925,130.33515,86.0745,38.60535,0.1,60.509,94.9503,120.99615,58.11905,83.84075,66.2726,63.02455,61.1801,44.4858,37.80165,64.5489,5.16525,0.1,62.2752,48.27695,14.5056,47.93075,20.99135,139.46295,3.8844,118.98775,62.85955,230.9109,46.05405,14.87845,0.1,22.5512,0.1,71.7427,4.2762,130.8136,0.1,122.09425,0.1,0.1,137.0534,101.75315,117.8179,0.1,109.9708,102.87765,225.9478,164.47445,78.76765,42.1409,117.94275,341.1687,87.3261,104.04405,25.16765,187.938,92.39085,113.88365,0.1,33.6979,62.66415,47.0059,56.80505,45.7307,57.7447,5.3084,135.00225,31.97095,110.0887,65.0111,95.2049,62.12285,74.06655,109.64515,128.57835,173.93575,143.88085,87.4334,155.92475,638.5678,273.92685,269.13555,0.1,53.7565,95.96065,2.28805,497.95185,69.6584,61.46505,168.5778,104.82245,165.6975,48.3676,174.8871,57.9083,180.86295,0.1,363.883,345.0764,98.60735,64.32135,306.9115,58.43635,135.77515,137.96125,0.1,79.11925,90.7628,61.53145,41.56335,140.014,58.16345,48.8509,212.37445,99.4859,203.90855,57.8242,98.7909,62.60385,62.18295,250.16115,63.09435,110.62985,163.32115,26.8689,134.33095,0.1,279.45035,212.2051,163.1489,28.71015,0.1,11.1845,22.76955,334.5834,40.04745,126.16195,0.1,77.009,81.0114,7.6174,75.87695,162.70525,297.9735,207.6088,99.6236,851.46595,158.8146,33.39045,29.9694,77.9121,0.1,0.1,0.1,414.7447,48.2794,0.1,399.37935,225.2547,99.3946,0.1,435.95605,53.1107,206.31775,85.1465,0.1,127.8155,124.0342,95.9509,93.34865,25.64545,67.1148,115.81615,342.48945,123.0219,192.8536,30.9671,109.3485,0.1,0.1,111.4712,50.2429,0.1,140.64805,240.5647,46.8738,94.56275,36.0388,68.1808,74.0775,127.7947,91.6864,159.4275,228.9927,0.1,112.79015,166.4163,113.06,33.4182,59.18115,91.7559,62.5219,21.62265,220.68445,448.0418,0.1,77.24905,23.6224,0.1,28.61345,353.78955,0.1,0.1,0.1,63.0281,0.1,0.1,29.8974,49.37275,44.21655,65.3001,248.58245,83.357,0.1,0.1,29.16105,197.0511,8.5041,4.1869,28.7103,62.3906,16.3748,72.1798,60.6757,105.5317,204.79915,0.1,59.5903,26.76905,84.6098,0.1,164.93495,59.99805,113.16925,68.47115,70.88995,119.15585,0.1
169.12875,389.3943,14.19895,115.49595,74.55595,19.1446,59.00355,0.1,325.5803,16.35985,88.2834,157.53405,0.1,0.1,16.44195,13.71245,0.1,27.82345,23.99605,0.1,24.6917,0.1,0.1,0.1,110.80695,98.0806,0.1,50.55055,16.20555,0.1,283.80665,0.1,0.1,104.83145,218.7902,128.74845,10.8949,688.557,12.38975,40.21545,326.0883,0.1,84.1154,349.46955,11.0641,181.5403,72.22235,0.1,80.80495,127.5928,100.87625,247.2576,110.43665,51.20135,77.2054,194.27665,53.22315,74.3259,0.1,82.029,27.50225,180.56235,23.53455,80.09265,151.4551,42.48785,0.1,6.7983,142.38405,58.5618,58.9235,0.1,112.4519,25.2726,26.7159,0.1,74.96795,395.0937,0.1,159.13315,0.1,230.78755,33.2943,26.30275,0.1,33.74,0.1,23.26105,0.1,49.03225,0.1,94.4714,0.1,0.1,165.02055,270.1861,0.1,114.61585,205.99355,26.8575,316.13595,363.23495,344.51235,101.8533,282.6735,772.04105,12.9572,173.251,18.6155,124.67345,33.5797,186.46125,0.1,36.19935,167.67745,20.3743,14.6723,171.05345,187.9153,133.63315,194.5088,81.8925,293.9341,135.88225,165.80425,88.2674,77.7009,110.76255,191.9903,425.83585,38.67475,186.0392,279.35605,918.3468,240.77555,203.45805,0.1,106.8919,208.0994,1.5897,359.62245,77.91675,212.56065,229.513,226.6395,248.38625,78.9438,0.1,211.5705,108.47555,0.1,636.99845,185.1118,83.87705,117.77665,181.7461,11.55805,173.72095,43.1538,43.48645,159.1363,162.88445,40.1082,68.31705,209.7253,32.1805,54.62565,517.54795,135.63145,363.2689,128.808,248.3165,0.1,31.75145,544.9676,0.1,233.9444,296.0235,0.1,153.3418,0.1,237.7493,188.88215,226.4524,0.1,0.1,11.12415,121.25485,175.0597,6.695,66.05445,34.01895,42.0394,33.9924,0.1,8.56015,339.7939,570.8015,404.196,0.1,1064.55285,259.2956,28.962,26.7785,69.5387,117.62915,0.1,0.1,581.9843,0.1,0.1,0.1,365.19555,251.3044,0.1,716.2766,0.1,356.3009,12.30225,0.1,131.2188,63.1063,148.45555,58.02605,105.5905,32.4858,74.09585,603.1398,0.1,395.96435,264.67885,309.79455,18.65955,84.55585,0.1,118.1619,142.779,204.4644,327.3174,12.74655,161.18345,0.1,41.8454,45.46015,182.9761,313.03435,171.09995,0.1,0.1,0.1,0.1,311.4171,0.1,0.1,58.17375,113.10455,0.1,324.1547,218.67025,0.1,203.2687,89.428,18.2232,0.1,215.3798,0.1,2.33285,0.1,52.8757,0.1,0.1,102.4884,133.48115,85.5258,204.34005,109.70375,158.21935,0.1,105.51385,0.1,341.95225,0.1,0.1,4.25045,21.7297,14.6536,48.33005,41.89845,182.08005,247.41655,0.1,69.2058,48.44625,0.1,0.1,470.0331,121.40155,174.89285,9.7643,121.44055,198.18565,0.1
146.19165,261.33375,42.8227,69.69535,58.64795,23.80175,37.1642,54.0719,203.3484,42.7319,30.92425,102.2513,0.1,61.73015,20.5869,15.3346,0.1,37.23715,37.9613,20.02455,69.9267,0.1,0.1,4.22375,148.61675,3.58985,19.9248,93.1285,17.34635,0.1,78.7922,0.1,9.25045,37.1642,122.54865,86.23115,25.8704,243.9528,43.1481,63.26955,128.9907,0.1,35.88555,376.97315,31.4869,33.33185,136.9261,4.33685,70.7561,80.81645,76.71955,262.2899,188.36705,41.71845,54.7044,126.5678,103.03825,58.56835,0.1,44.2605,58.8634,189.19215,53.2517,63.05185,40.18045,59.32375,70.0425,30.70765,35.1693,74.06255,5.34345,0.1,52.91155,42.2018,24.66905,38.0374,74.89815,176.23865,0.1,107.5366,67.18935,251.0353,40.7542,12.6703,0.1,35.88555,0.1,49.4804,4.51915,108.5873,0.1,95.75455,0.1,0.1,93.0441,144.01755,125.2893,0.1,111.02715,118.33735,218.01885,260.7856,71.96685,27.0109,166.5279,320.24755,172.1084,107.36505,3.43275,132.4682,86.0848,126.7147,0.1,46.1429,70.61395,49.5543,51.8246,60.75775,25.66585,26.32575,204.8425,0.1,149.7507,69.9679,119.87505,34.81115,68.73475,58.01675,160.82765,194.4637,145.7166,77.91445,156.1862,813.5562,248.0131,363.8985,0.1,43.6546,33.58835,55.62715,510.2815,72.94635,68.1714,207.90135,110.4742,180.12435,51.31125,213.40795,84.5167,191.90435,2.46245,363.81615,207.1013,102.3044,71.4625,314.0089,53.7312,135.64325,98.9524,0.1,88.90015,111.3313,50.97145,52.91155,162.14005,25.1387,47.6983,219.7757,129.10725,252.37035,33.031,159.40835,45.97365,77.04995,441.3681,78.75975,120.6741,155.68725,39.74015,117.86805,0.1,273.36825,371.88895,183.0191,86.2273,0.1,11.66935,54.31185,379.27185,34.3362,174.24495,0.1,65.16415,106.97615,2.7956,68.40145,202.76995,423.1871,172.4519,250.0452,477.3096,146.9789,8.7787,3.1862,105.82295,0.1,0.1,0.1,458.4088,40.47215,0.1,0.1,275.60495,249.49095,300.49035,311.6036,39.1313,199.0615,132.51975,0.1,96.8592,139.98375,119.31455,92.10045,47.0529,0.1,110.71455,358.2401,0.1,253.2755,126.61055,219.2904,0.1,0.1,71.48195,99.9846,0.1,156.8951,217.81165,94.25635,69.4827,28.09645,60.02525,65.2166,154.2407,104.17155,171.6644,191.1755,0.1,16.7105,215.3891,150.48945,35.56565,7.86625,54.53855,71.06745,36.45855,384.00315,315.0938,0.1,81.6865,0.1,0.1,51.76655,218.18475,13.17155,0.1,0.1,104.33765,0.1,3.68335,18.16765,84.8698,51.22835,83.14665,288.91665,90.6606,5.1101,0.1,26.3829,138.11725,17.9428,0.1,28.714,66.20035,0.1,72.37645,69.38715,131.8154,317.1796,0.1,52.63315,34.19285,67.13345,0.1,195.6335,65.58385,115.96205,79.479,53.94745,112.42815,0.1
239.21425,335.43115,25.6144,132.3395,41.75945,20.7442,32.34625,48.76185,227.2433,23.74575,114.73995,174.91395,0.1,0.1,17.98765,14.77625,0.1,53.4688,8.60135,0.1,30.4956,29.50985,0.1,0.1,49.4793,90.12305,6.0649,58.2539,0.1,0.1,213.87515,0.1,0.1,97.0826,173.57215,141.5762,13.1637,473.07305,17.57125,70.80435,235.10845,0.1,97.3755,267.70945,23.99325,74.0387,174.03165,0.1,81.76355,112.81145,93.83395,279.94595,125.65755,53.85325,108.53415,187.47455,43.06385,83.56735,0.1,45.05255,13.3202,227.4873,44.0286,88.02075,82.05475,30.82435,11.05435,9.6398,51.2704,0.1,83.543,0.1,107.73635,18.2748,0.1,0.1,62.828,366.50375,0.1,136.6323,0.1,218.3628,27.7212,44.8304,0.1,24.3562,0.1,8.46285,0.1,61.9599,0.1,29.2657,0.1,11.1085,148.05905,211.78635,0.1,101.0252,179.4381,48.8091,250.4365,254.7464,59.5398,73.373,245.91195,683.34905,238.46775,144.8891,0.1,219.9982,24.3377,185.5835,0.1,15.64605,226.64275,14.47045,35.1283,123.84125,41.73685,80.6167,125.91265,107.91575,118.75765,128.3718,161.23545,70.6891,76.11505,0.1,128.9707,464.63515,70.59565,176.54565,144.1979,723.439,180.8705,232.16775,0.1,89.11765,156.51755,2.7395,234.4336,85.4563,131.8143,175.18795,148.6242,226.9433,118.7538,64.71755,140.8196,127.97585,0.1,629.83115,145.7889,123.7514,117.3184,180.43175,8.4917,171.22725,77.5728,94.63595,108.50855,117.77385,40.4105,44.84905,160.43345,41.9409,42.8616,376.38855,360.9797,270.3046,98.59625,136.59625,59.8778,121.80335,260.0978,72.9539,168.74135,265.1475,0.1,130.01925,0.1,157.4113,321.5745,65.60775,0.1,0.1,15.7691,72.4373,63.01245,14.5087,79.2712,41.4262,0.1,39.8688,0.1,42.4257,214.3832,334.79145,421.6823,301.2243,385.5967,152.58735,23.9414,38.8418,61.66235,144.509,0.1,0.1,451.89235,0.1,0.1,228.4476,117.22675,214.30795,0.1,916.569,0.1,241.66245,26.1877,102.3412,90.6963,45.5321,135.88545,111.15735,96.6599,0.1,59.61135,326.59015,0.1,318.45725,53.6784,132.79715,35.0235,0.1,0.1,144.1885,0.1,188.5818,381.08505,37.166,180.29985,0.1,134.60095,66.67085,169.8904,273.24795,123.51365,287.65685,0.1,201.2721,0.1,163.53675,0.1,0.1,34.27695,67.89455,0.1,114.4636,422.20475,116.3222,0.1,241.59465,59.36745,0.1,287.86185,0.1,3.39915,0.1,67.2066,0.1,0.1,74.0219,91.48685,55.4758,103.02325,131.7668,190.51825,0.1,15.32875,0.1,241.9159,0.1,0.1,6.14995,0.1,25.3342,25.9681,45.3583,157.86505,196.77345,0.1,64.37445,58.04195,0.1,0.1,424.0312,133.242,151.64255,35.25755,52.52625,165.25705,0.1
137.1827,265.40225,42.90105,84.9686,60.6882,37.19005,19.3467,65.52675,168.62695,28.3721,49.64275,132.8009,0.1,37.5716,25.1168,31.4166,0.1,30.651,23.14055,8.1265,59.273,29.41135,0.1,1.7545,157.9409,0.1,18.1509,121.84905,21.20695,0.1,154.5444,0.1,0.1,38.722,135.3682,72.9577,23.62075,268.7364,21.01275,67.42725,102.7282,0.1,50.99575,387.13295,33.42935,98.782,104.04185,0.1,76.80035,61.2736,87.2563,273.89035,114.6707,40.66985,86.5268,140.085,94.44425,53.56375,0.1,48.1795,63.61495,294.8516,40.52495,85.73185,73.5356,73.69135,45.95815,40.2197,18.45655,0.1,80.53945,0.1,64.43055,34.3555,27.74245,37.0745,80.50545,243.50365,0.1,143.8206,37.70125,185.57225,40.8618,15.3303,0.1,36.4163,0.1,35.15745,0.1,95.23765,0.1,110.86825,0.1,0.1,90.99475,112.02705,81.7102,43.90725,162.26925,128.35305,210.55115,169.71355,66.4537,60.59305,152.17255,446.31735,25.15805,132.48225,4.10875,107.6329,72.6629,135.99125,0.1,43.63505,53.2141,95.1754,39.9219,69.1023,18.7047,11.4888,176.3398,0.1,111.59615,94.90865,113.50955,38.03565,76.6642,0.1,177.9305,192.0196,207.1506,109.2166,143.62275,814.2211,198.03735,240.5233,0.1,58.61665,128.7836,1.03215,474.48625,64.54235,43.78625,160.4684,151.07635,183.86705,56.7975,188.03335,65.86895,153.03145,11.9101,476.5744,136.1998,66.7301,80.76685,205.9358,50.36185,139.9971,71.07595,0.1,92.4202,101.702,41.42595,34.8726,149.2328,40.3892,38.44715,329.5942,62.32085,240.01075,58.9495,178.74865,25.5533,72.84695,159.66895,61.03525,113.4735,211.3955,39.72875,131.5565,0.1,153.9401,343.9124,168.2268,12.3604,0.1,9.42875,40.98965,287.51045,21.67805,100.45835,0.1,74.06385,86.20145,0.1,43.48265,211.69315,279.31435,239.55005,132.43355,1014.5178,173.1578,21.4729,15.48305,87.1181,0.1,0.1,0.1,452.8544,0.1,425.9015,0.1,375.32195,264.21735,0.1,459.05795,67.93225,270.1265,83.44335,0.1,124.92895,91.92705,102.61095,83.08285,19.2636,0.1,96.3974,338.44985,0.1,223.275,71.40255,83.57345,0.1,0.1,0.1,131.88435,0.1,137.28335,216.31735,55.53835,79.11025,39.0989,87.79825,95.3916,124.35695,122.5653,193.86585,77.0967,0.1,280.26985,99.74995,173.4909,0.1,81.424,135.45645,110.8607,99.6944,308.5597,435.76855,0.1,74.9678,20.717,70.76315,18.76555,321.19135,0.1,1.9985,0.1,149.413,0.1,0.1,11.1216,69.9012,40.55095,22.01445,225.8463,94.3606,6.12135,0.1,0.1,174.246,0.1,0.1,25.7284,66.40635,0.1,88.0521,57.2717,154.1719,253.7249,0.1,59.86195,34.69855,48.13615,0.1,278.968,81.97935,141.0445,65.33785,57.5794,133.0307,0.1
148.0222,251.43155,34.5421,112.9067,60.422,31.12255,36.39455,27.4636,193.6453,28.89235,82.34535,142.07205,0.1,25.2657,13.4926,13.87455,0.1,66.37235,7.23975,0.1,55.6792,5.61335,0.1,0.1,139.2274,0.1,11.38615,102.31555,13.298,0.1,140.3036,0.1,0.1,18.23165,156.89325,82.321,8.8843,259.4242,39.51405,82.5667,96.6926,0.1,75.27265,321.72565,15.72855,64.10005,113.95865,0.1,78.77805,86.40435,64.4283,305.2662,163.5376,58.92535,107.93965,151.58265,86.03965,50.2946,0.1,35.936,44.9386,204.01165,49.52865,96.12695,50.0503,57.77775,43.25355,2.76645,28.84505,38.463,46.76455,0.1,90.739,8.79225,2.23685,14.4778,70.6066,201.65145,0.1,125.9886,47.2818,248.82775,45.6962,21.60925,0.1,27.386,0.1,9.46695,0.1,54.6945,0.1,87.7468,0.1,0.1,150.23345,119.01365,81.9551,41.22485,59.0602,200.2366,235.65015,200.5162,53.63635,54.97195,166.88585,402.29745,204.9633,126.20745,0.1,148.9331,38.2336,139.62615,0.1,26.354,177.604,73.2634,37.54955,41.8472,40.98775,10.84135,161.7535,45.2852,76.24895,93.10965,141.7996,43.78285,69.8126,0.1,100.44175,199.80915,174.95125,130.12225,108.0463,651.4603,204.21725,343.4503,0.1,53.449,112.59075,1.2896,431.9892,79.62065,69.80945,148.72895,117.00215,198.79565,72.0108,187.3488,108.3981,143.8045,0.1,463.27345,138.23145,109.06545,87.91325,276.70305,52.1259,160.9758,92.94135,0.1,85.05035,115.3467,42.18555,68.12585,145.28605,15.6564,23.1682,273.47385,171.85795,229.0029,81.5965,124.79905,28.9213,84.80615,245.03205,0.1,94.83375,103.6348,0.1,112.5022,0.1,96.3055,564.01635,180.293,11.6218,0.1,13.27285,38.63255,172.6981,13.6008,106.93245,83.4904,4.80205,87.9166,0.1,57.92785,77.8473,109.4388,174.86655,169.7125,418.8058,155.83525,11.7678,7.2789,81.90845,40.4956,17.477,0.1,444.41395,29.1094,0.1,288.54305,263.32045,250.3891,0.1,502.0556,0.1,229.44275,98.14015,0.1,97.54385,140.78775,128.60485,101.5314,11.57165,0.1,191.27925,336.4649,262.96225,197.57035,30.4323,82.4412,19.63285,0.1,68.8075,114.34635,0.1,156.68685,244.21125,85.31875,110.33075,20.8432,47.9408,52.0827,164.0358,111.38595,188.01465,224.28595,0.1,75.7417,123.11735,126.1317,0.1,26.683,87.4045,89.02255,0.1,373.2397,164.69225,0.1,0.1,111.52735,33.14185,56.81875,525.38555,0.1,0.1,0.1,113.7243,0.1,4.29035,41.59375,65.70455,50.2493,90.9075,202.70565,116.23455,0.1,0.1,0.1,141.52155,0.1,0.1,20.7449,80.2522,26.08075,34.11545,48.2584,138.30345,179.7498,0.1,44.2008,26.0942,58.0533,0.1,295.9447,100.6566,90.12355,71.32915,22.13365,132.2444,0.1
142.1519,247.63105,35.2857,106.3994,56.92805,73.1894,11.42785,45.1511,153.5148,12.5597,54.0044,122.034,0.1,38.03715,12.70995,15.6586,0.1,51.9241,20.4962,0.1,59.21685,5.26555,0.1,1.56265,135.5194,0.1,16.06575,92.51775,6.30795,0.1,160.47815,0.1,0.1,17.13685,135.8512,87.8898,13.9483,238.00625,46.51955,72.2314,95.80025,0.1,58.0387,333.28595,16.9191,105.57715,67.586,0.1,78.32405,70.55275,77.28305,278.51575,126.08065,51.02505,76.6412,124.0734,83.63875,50.5876,0.1,35.14215,49.30615,278.37255,41.277,83.9174,65.13855,72.0681,58.15945,2.5923,37.98345,75.6888,40.25185,0.1,61.8062,19.36175,6.18985,19.15605,57.0557,202.7454,4.3675,124.47955,38.98615,173.51295,43.0311,13.5705,0.1,19.3425,0.1,13.3313,0.1,46.86225,0.1,113.734,0.1,0.1,89.3223,116.46175,77.20125,63.20665,120.4972,144.80575,224.5761,200.4263,84.0606,52.73605,143.7618,389.71785,195.64415,117.3371,0.1,132.4,48.92495,127.81695,0.1,33.1213,137.15595,61.30685,53.96075,69.94745,44.18075,12.2205,169.5077,0.1,98.82315,84.0434,140.44895,33.6956,67.89685,19.33835,141.8294,235.20075,172.2118,135.4366,96.6944,705.26375,233.3605,344.14935,0.1,48.7766,115.4064,2.0317,431.71335,70.2663,38.7663,184.5346,139.71135,198.55365,70.4027,239.9968,105.32495,165.65735,10.5442,437.9665,127.0562,102.7739,77.1857,243.1615,35.69235,123.971,90.3111,0.1,88.8208,90.0793,51.9859,40.4042,136.88125,33.31265,24.44575,258.99675,162.0139,228.35415,79.70305,122.13865,45.2273,76.8011,208.45615,77.2438,126.5549,136.5414,54.61015,111.1985,0.1,128.76225,525.1204,183.6383,27.36445,0.1,16.7022,52.42655,313.15535,14.0738,129.2597,36.6132,47.58775,102.3416,0.1,73.78845,147.9264,206.0992,211.2358,92.33985,821.82265,140.1758,12.67635,17.1447,72.70975,83.01425,0.1,0.1,414.13705,51.08905,358.96115,398.28195,243.76525,188.8173,0.1,580.8605,73.95585,237.62705,97.01085,0.1,89.7617,120.62175,117.41065,110.41065,24.81465,115.68145,164.4165,305.52205,98.1304,244.27955,38.02745,92.5232,0.1,0.1,0.1,54.00415,0.1,151.9937,235.0097,88.60155,74.2275,41.1155,93.98935,102.1182,143.6904,148.39295,158.0862,254.16365,0.1,181.88535,0.1,106.0302,0.1,69.34645,93.4596,107.77215,0.1,366.03385,186.3552,0.1,0.1,93.7258,38.3998,53.17855,490.62535,0.1,0.1,0.1,86.5428,0.1,0.1,24.48395,53.83355,42.44615,15.60205,223.32415,92.22165,0.1,0.1,0.1,109.86775,0.1,0.1,32.56365,50.42985,0.1,59.63785,45.3903,150.4925,241.01825,0.1,53.01975,24.57,73.0421,0.1,283.02735,90.75555,120.47325,61.5875,30.12525,127.90615,0.1
