gene,GO
ABCE1,GO:0000054
THIM,GO:0003985
ACT.23.27.m.58454,GO:0005524
ACTC,GO:0005524
ACT.5.27.m.15585,GO:0005524
ACT1,GO:0005524
ACT3,GO:0005524
ACT.3.6.m.21571,GO:0005524
HTS,GO:0000212
KAD9.2.3.m.49697,GO:0004550
KAD9.3.3.m.63103,GO:0004550
ALF,GO:0004332
ARP3,GO:0005200
AT1A,GO:0005391
AT2B3,GO:0005388
ATPB,GO:0005524
SVEP1,GO:0005509
RS17,GO:0003735
IDHP,GO:0000287
TEKT4,GO:0030030
ARMC4,GO:0003341
GLSN,GO:0005506
PDC6I,GO:0000281
RS13,GO:0003735
EIF3D,GO:0001732
RS26,GO:0002181
RPN1,GO:0004579
CRB,GO:0001745
C1QL4,GO:0005581
CALUB,GO:0005509
CALX,GO:0005509
CRNS1,GO:0005524
CATA.1.3.m.11120,GO:0004096
CATA.3.3.m.21642,GO:0004096
CNDP2,GO:0004180
MLP,GO:0005176
TITIN.m.27774,GO:0000794
CROCC,GO:0001917
COPG2,GO:0000139
DYH7.2.3.m.32353,GO:0003341
DYH5.1.2.m.56799,GO:0003341
DYH5.2.2.m.61452,GO:0003341
DYH6,GO:0005524
DYH7.2.2.m.46648,GO:0003341
H2B7,GO:0000786
DYH1,GO:0003351
DYH2.1.1.m.28905,GO:0005524
DYHC,GO:0003777
EF1A.2.4.m.50858,GO:0003746
EF1A.1.3.m.30022,GO:0003746
EF2.4.5.m.30186,GO:0003746
EF2.5.5.m.39855,GO:0003746
ENO,GO:0000015
FAS,GO:0003697
FLNA.2.6.m.11845,GO:0000278
FLNA.2.5.m.37450,GO:0001664
FLNA.3.5.m.38669,GO:0001664
FLNC,GO:0005829
GBLP,GO:0005840
GELS2,GO:0005737
BIP,GO:0005524
HMCN1,GO:0005201
HSP7D,GO:0005524
H90A1,GO:0005524
IDLC,GO:0003774
SODC,GO:0000187
ANM1,GO:0003713
ITB1.1.1.m.59423,GO:0005925
KARG,GO:0004054
KCY,GO:0004127
KS6A3,GO:0000287
RLA2,GO:0003735
GRN,GO:0003723
TBB.1.1.m.57452,GO:0000226
PDCD5,GO:0003677
CFA45,GO:0005634
ASNS,GO:0004066
DLRB2,GO:0003774
GLYC,GO:0004372
AN32A,GO:0005634
DYH10,GO:0005524
SDCB1,GO:0002091
HYDIN.2.6.m.7640,GO:0002064
HYDIN.4.6.m.27594,GO:0002064
YD541.1.2.m.22540,GO:0016491
YD541.2.2.m.55240,GO:0016491
PRP19,GO:0000244
RPN2,GO:0006487
TEKT1,GO:0005634
SPTCB,GO:0003779
SPTN5,GO:0000165
PMFBP,GO:0001520
CFA61,GO:0003341
SSPO.3.8.m.32060,GO:0005615
SSPO.6.8.m.41866,GO:0005615
SSPO.7.8.m.41875,GO:0005615
CALR.1.3.m.35108,GO:0005509
CALR.2.3.m.36820,GO:0005509
IFEA.2.3.m.44496,GO:0005198
ITIH4.1.1.m.39091,GO:0004867
NXN,GO:0005634
DMBT1,GO:0001530
FAT4.1.1.m.65727,GO:0001658
LAMA,GO:0005102
SYNE1.1.2.m.37063,GO:0000932
SYNE1.2.2.m.54514,GO:0000932
MLRA,GO:0005509
CMC,GO:0005313
ATPD,GO:0000275
PPIA,GO:0003755
CO6A3,GO:0003429
DYH2.1.2.m.24785,GO:0005524
TBB.6.7.m.57854,GO:0003924
PCY2,GO:0004306
CATL,GO:0005764
CP135,GO:0005814
AMY1,GO:0004556
ITB1.1.1.m.21821,GO:0005925
IFEA.1.1.m.42880,GO:0005198
FKB14.1.4.m.6122,GO:0003755
FKB14.3.4.m.26463,GO:0003755
RL3,GO:0000027
ITIH4.1.1.m.39811,GO:0002576
ACT.1.1.m.53937,GO:0005524
TBA,GO:0005200
EFCB6,GO:0005509
MATN1,GO:0003429
FAT4.1.1.m.34344,GO:0001658
MLE,GO:0005509
MYO15,GO:0003774
MYS.4.7.m.18188,GO:0003774
MYS.7.7.m.44342,GO:0003774
MYSP.5.9.m.28124,GO:0003774
MYSP.8.9.m.44813,GO:0003774
PPIB,GO:0000413
SNO1,GO:0004499
ACT.1.1.m.21817,GO:0005524
OST48,GO:0006486
PAN2,GO:0000289
ACT.1.1.m.44693,GO:0005524
PCCA,GO:0004658
PCKG,GO:0004613
PDIA1,GO:0003756
PGBM,GO:0001523
UNC22.2.7.m.2274,GO:0004674
UNC22.3.7.m.20773,GO:0004674
UNC22.5.7.m.43551,GO:0004674
UNC22.7.7.m.54053,GO:0004674
LAMC1,GO:0005604
PLOD3,GO:0001701
PSMD2,GO:0000502
RCC1,GO:0000082
RL18A,GO:0000184
HEXP,GO:0003677
ROAA,GO:0000122
RS3A,GO:0003735
RS5,GO:0000028
S4A8,GO:0005452
SACS,GO:0005634
COR1B,GO:0001725
ZASP,GO:0001725
SPTCA.1.2.m.1905,GO:0003779
SPTCA.2.2.m.25615,GO:0003779
ZAN,GO:0005886
SYRC,GO:0004814
TBA3.2.9.m.9962,GO:0000226
TBA1,GO:0000226
TBA1A,GO:0000226
TBA3.1.1.m.5111,GO:0000226
TBB4,GO:0000226
TBB.1.1.m.40048,GO:0003924
TBB.1.7.m.12262,GO:0003924
TBB.7.7.m.63980,GO:0003924
TCPD,GO:0005524
UNC22.19.19.m.66288,GO:0004674
TITIN.8.19.m.35861,GO:0000794
TLN1,GO:0001726
TPP2,GO:0000209
TYRO,GO:0005576
U5S1,GO:0000398
VIGLN,GO:0003723
XRN2,GO:0000738
ZFR,GO:0003677
ABCE1,GO:0005506
THIM,GO:0003988
ACT.23.27.m.58454,GO:0005737
ACTC,GO:0005737
ACT.5.27.m.15585,GO:0005737
ACT1,GO:0005737
ACT3,GO:0005737
ACT.3.6.m.21571,GO:0005737
HTS,GO:0005198
KAD9.2.3.m.49697,GO:0005524
KAD9.3.3.m.63103,GO:0005524
ALF,GO:0006096
ARP3,GO:0005524
AT1A,GO:0005524
AT2B3,GO:0005516
ATPB,GO:0005743
SVEP1,GO:0005576
RS17,GO:0005840
IDHP,GO:0004450
TEKT4,GO:0031514
ARMC4,GO:0003356
GLSN,GO:0006541
PDC6I,GO:0000915
RS13,GO:0005730
EIF3D,GO:0002191
RS26,GO:0003735
RPN1,GO:0005791
CRB,GO:0003383
C1QL4,GO:0005615
CALUB,GO:0005576
CALX,GO:0005783
CRNS1,GO:0005829
CATA.1.3.m.11120,GO:0005777
CATA.3.3.m.21642,GO:0005777
CNDP2,GO:0005654
MLP,GO:0005509
TITIN.m.27774,GO:0002020
CROCC,GO:0003779
COPG2,GO:0005198
DYH7.2.3.m.32353,GO:0005509
DYH5.1.2.m.56799,GO:0005524
DYH5.2.2.m.61452,GO:0005524
DYH6,GO:0005858
DYH7.2.2.m.46648,GO:0003777
H2B7,GO:0003677
DYH1,GO:0003777
DYH2.1.1.m.28905,GO:0005874
DYHC,GO:0005524
EF1A.2.4.m.50858,GO:0003924
EF1A.1.3.m.30022,GO:0003924
EF2.4.5.m.30186,GO:0003924
EF2.5.5.m.39855,GO:0003924
ENO,GO:0000287
FAS,GO:0004312
FLNA.2.6.m.11845,GO:0003779
FLNA.2.5.m.37450,GO:0002576
FLNA.3.5.m.38669,GO:0002576
FLNC,GO:0005856
GBLP,GO:0030178
GELS2,GO:0005856
BIP,GO:0005788
HMCN1,GO:0005509
HSP7D,GO:0005634
H90A1,GO:0005634
IDLC,GO:0005737
SODC,GO:0000302
ANM1,GO:0005634
ITB1.1.1.m.59423,GO:0007160
KARG,GO:0005524
KCY,GO:0004550
KS6A3,GO:0001501
RLA2,GO:0005840
GRN,GO:0005125
TBB.1.1.m.57452,GO:0000278
PDCD5,GO:0005634
CFA45,GO:0005654
ASNS,GO:0005524
DLRB2,GO:0005868
GLYC,GO:0005829
AN32A,GO:0005737
DYH10,GO:0005737
SDCB1,GO:0005137
HYDIN.2.6.m.7640,GO:0003341
HYDIN.4.6.m.27594,GO:0003341
YD541.1.2.m.22540,GO:0016616
YD541.2.2.m.55240,GO:0016616
PRP19,GO:0000245
RPN2,GO:0008250
TEKT1,GO:0005737
SPTCB,GO:0005200
SPTN5,GO:0003779
PMFBP,GO:0007010
CFA61,GO:0005930
SSPO.3.8.m.32060,GO:0007155
SSPO.6.8.m.41866,GO:0007155
SSPO.7.8.m.41875,GO:0007155
CALR.1.3.m.35108,GO:0006457
CALR.2.3.m.36820,GO:0006457
IFEA.2.3.m.44496,GO:0005737
ITIH4.1.1.m.39091,GO:0005576
NXN,GO:0005829
DMBT1,GO:0003677
FAT4.1.1.m.65727,GO:0001736
LAMA,GO:0005604
SYNE1.1.2.m.37063,GO:0003723
SYNE1.2.2.m.54514,GO:0003723
MLRA,GO:0016459
CMC,GO:0005509
ATPD,GO:0005739
PPIA,GO:0005737
CO6A3,GO:0004867
DYH2.1.2.m.24785,GO:0005874
TBB.6.7.m.57854,GO:0005200
PCY2,GO:0005789
CATL,GO:0007275
CP135,GO:0007099
AMY1,GO:0005509
ITB1.1.1.m.21821,GO:0007160
IFEA.1.1.m.42880,GO:0005737
FKB14.1.4.m.6122,GO:0005509
FKB14.3.4.m.26463,GO:0005509
RL3,GO:0003735
ITIH4.1.1.m.39811,GO:0004866
ACT.1.1.m.53937,GO:0005737
TBA,GO:0005525
EFCB6,GO:0005654
MATN1,GO:0005201
FAT4.1.1.m.34344,GO:0001736
MLE,GO:0016459
MYO15,GO:0003779
MYS.4.7.m.18188,GO:0005516
MYS.7.7.m.44342,GO:0005516
MYSP.5.9.m.28124,GO:0030016
MYSP.8.9.m.44813,GO:0030016
PPIB,GO:0003755
SNO1,GO:0005576
ACT.1.1.m.21817,GO:0005737
OST48,GO:0008250
PAN2,GO:0000932
ACT.1.1.m.44693,GO:0005737
PCCA,GO:0005524
PCKG,GO:0005525
PDIA1,GO:0004656
PGBM,GO:0001525
UNC22.2.7.m.2274,GO:0005516
UNC22.3.7.m.20773,GO:0005516
UNC22.5.7.m.43551,GO:0005516
UNC22.7.7.m.54053,GO:0005516
LAMC1,GO:0007435
PLOD3,GO:0001886
PSMD2,GO:0005576
RCC1,GO:0000785
RL18A,GO:0002181
HEXP,GO:0005634
ROAA,GO:0001837
RS3A,GO:0006412
RS5,GO:0000184
S4A8,GO:0005886
SACS,GO:0005737
COR1B,GO:0005737
ZASP,GO:0001952
SPTCA.1.2.m.1905,GO:0005509
SPTCA.2.2.m.25615,GO:0005509
ZAN,GO:0007339
SYRC,GO:0005524
TBA3.2.9.m.9962,GO:0000278
TBA1,GO:0000235
TBA1A,GO:0000278
TBA3.1.1.m.5111,GO:0000278
TBB4,GO:0000278
TBB.1.1.m.40048,GO:0005200
TBB.1.7.m.12262,GO:0005200
TBB.7.7.m.63980,GO:0005200
TCPD,GO:0005815
UNC22.19.19.m.66288,GO:0005516
TITIN.8.19.m.35861,GO:0001701
TLN1,GO:0001786
TPP2,GO:0004175
TYRO,GO:0016491
U5S1,GO:0003723
VIGLN,GO:0005634
XRN2,GO:0001147
ZFR,GO:0003723
ABCE1,GO:0005524
THIM,GO:0005739
ACT.23.27.m.58454,GO:0005856
ACTC,GO:0005856
ACT.5.27.m.15585,GO:0005856
ACT1,GO:0005856
ACT3,GO:0005856
ACT.3.6.m.21571,GO:0005856
HTS,GO:0005737
KAD9.2.3.m.49697,GO:0005634
KAD9.3.3.m.63103,GO:0005634
ARP3,GO:0005634
AT1A,GO:0005886
AT2B3,GO:0005524
ATPB,GO:0015986
SVEP1,GO:0005737
RS17,GO:0006412
IDHP,GO:0005739
ARMC4,GO:0005930
GLSN,GO:0009501
PDC6I,GO:0001772
RS13,GO:0006412
EIF3D,GO:0003723
RS26,GO:0022627
RPN1,GO:0005829
CRB,GO:0005080
C1QL4,GO:0042802
CALUB,GO:0005789
CALX,GO:0005789
CRNS1,GO:0006548
CATA.1.3.m.11120,GO:0006979
CATA.3.3.m.21642,GO:0006979
CNDP2,GO:0005829
MLP,GO:0007160
TITIN.m.27774,GO:0002576
CROCC,GO:0005198
COPG2,GO:0006886
DYH7.2.3.m.32353,GO:0005524
DYH5.1.2.m.56799,GO:0005874
DYH5.2.2.m.61452,GO:0005874
DYH6,GO:0005874
DYH7.2.2.m.46648,GO:0005509
H2B7,GO:0005634
DYH1,GO:0005524
DYH2.1.1.m.28905,GO:0007018
DYHC,GO:0005737
EF1A.2.4.m.50858,GO:0005525
EF1A.1.3.m.30022,GO:0005525
EF2.4.5.m.30186,GO:0005525
EF2.5.5.m.39855,GO:0005525
ENO,GO:0004634
FAS,GO:0004313
FLNA.2.6.m.11845,GO:0005829
FLNA.2.5.m.37450,GO:0003723
FLNA.3.5.m.38669,GO:0003723
FLNC,GO:0016528
GBLP,GO:0032880
GELS2,GO:0051015
BIP,GO:0016787
HMCN1,GO:0005576
H90A1,GO:0005737
IDLC,GO:0005930
SODC,GO:0000303
ANM1,GO:0005654
ITB1.1.1.m.59423,GO:0007229
KCY,GO:0005524
KS6A3,GO:0002224
RLA2,GO:0006414
GRN,GO:0005576
TBB.1.1.m.57452,GO:0003924
PDCD5,GO:0005737
CFA45,GO:0005929
ASNS,GO:0005829
DLRB2,GO:0005874
GLYC,GO:0006544
AN32A,GO:0005783
DYH10,GO:0005874
SDCB1,GO:0005654
HYDIN.2.6.m.7640,GO:0021591
HYDIN.4.6.m.27594,GO:0021591
YD541.1.2.m.22540,GO:0033721
YD541.2.2.m.55240,GO:0033721
PRP19,GO:0000349
RPN2,GO:0016021
TEKT1,GO:0005874
SPTCB,GO:0005516
SPTN5,GO:0005088
PMFBP,GO:0007283
CFA61,GO:0031514
SSPO.3.8.m.32060,GO:0007399
SSPO.6.8.m.41866,GO:0007399
SSPO.7.8.m.41875,GO:0007399
CALR.1.3.m.35108,GO:0016529
CALR.2.3.m.36820,GO:0016529
IFEA.2.3.m.44496,GO:0005882
ITIH4.1.1.m.39091,GO:0006953
NXN,GO:0016055
DMBT1,GO:0005044
FAT4.1.1.m.65727,GO:0001822
LAMA,GO:0007411
SYNE1.1.2.m.37063,GO:0003779
SYNE1.2.2.m.54514,GO:0003779
CMC,GO:0005739
ATPD,GO:0005740
PPIA,GO:0006457
CO6A3,GO:0005581
DYH2.1.2.m.24785,GO:0007018
TBB.6.7.m.57854,GO:0005525
PCY2,GO:0006646
CATL,GO:0008234
CP135,GO:0010457
AMY1,GO:0005615
ITB1.1.1.m.21821,GO:0007229
IFEA.1.1.m.42880,GO:0005882
FKB14.1.4.m.6122,GO:0005788
FKB14.3.4.m.26463,GO:0005788
RL3,GO:0005730
ITIH4.1.1.m.39811,GO:0004867
ACT.1.1.m.53937,GO:0005856
TBA,GO:0005737
MATN1,GO:0005509
FAT4.1.1.m.34344,GO:0001822
MYO15,GO:0005516
MYS.4.7.m.18188,GO:0005524
MYS.7.7.m.44342,GO:0005524
MYSP.5.9.m.28124,GO:0032982
MYSP.8.9.m.44813,GO:0032982
PPIB,GO:0005788
SNO1,GO:0009820
ACT.1.1.m.21817,GO:0005856
OST48,GO:0016021
PAN2,GO:0003676
ACT.1.1.m.44693,GO:0005856
PCCA,GO:0005739
PCKG,GO:0006094
PDIA1,GO:0005178
PGBM,GO:0001540
UNC22.2.7.m.2274,GO:0005524
UNC22.3.7.m.20773,GO:0005524
UNC22.5.7.m.43551,GO:0005524
UNC22.7.7.m.54053,GO:0005524
LAMC1,GO:0007494
PLOD3,GO:0005506
PSMD2,GO:0005634
RCC1,GO:0000790
RL18A,GO:0003723
HEXP,GO:0008270
ROAA,GO:0003723
RS3A,GO:0022627
RS5,GO:0003723
S4A8,GO:0005887
SACS,GO:0005739
COR1B,GO:0005829
ZASP,GO:0003779
SPTCA.1.2.m.1905,GO:0005516
SPTCA.2.2.m.25615,GO:0005516
ZAN,GO:0016021
SYRC,GO:0005654
TBA3.2.9.m.9962,GO:0000281
TBA1,GO:0000278
TBA1A,GO:0003924
TBA3.1.1.m.5111,GO:0003924
TBB4,GO:0003924
TBB.1.1.m.40048,GO:0005525
TBB.1.7.m.12262,GO:0005525
TBB.7.7.m.63980,GO:0005525
TCPD,GO:0005832
UNC22.19.19.m.66288,GO:0005524
TITIN.8.19.m.35861,GO:0001756
TLN1,GO:0002576
TPP2,GO:0004177
TYRO,GO:0046872
U5S1,GO:0003924
VIGLN,GO:0005829
XRN2,GO:0004534
ZFR,GO:0003725
ABCE1,GO:0005737
THIM,GO:0006635
HTS,GO:0005856
KAD9.2.3.m.49697,GO:0005654
KAD9.3.3.m.63103,GO:0005654
ARP3,GO:0005737
AT1A,GO:0016021
AT2B3,GO:0005794
ATPB,GO:0045261
SVEP1,GO:0007155
IDHP,GO:0006097
ARMC4,GO:0007368
GLSN,GO:0010181
PDC6I,GO:0005815
RS13,GO:0022627
EIF3D,GO:0003743
RS26,GO:0042788
RPN1,GO:0008250
CRB,GO:0005509
C1QL4,GO:0045599
CALUB,GO:0005794
CALX,GO:0006457
CRNS1,GO:0010181
CATA.1.3.m.11120,GO:0020037
CATA.3.3.m.21642,GO:0020037
CNDP2,GO:0006508
MLP,GO:0010469
TITIN.m.27774,GO:0003300
CROCC,GO:0005813
COPG2,GO:0016192
DYH7.2.3.m.32353,GO:0005874
DYH5.1.2.m.56799,GO:0005930
DYH5.2.2.m.61452,GO:0005930
DYH6,GO:0007018
DYH7.2.2.m.46648,GO:0005524
H2B7,GO:0006334
DYH1,GO:0005874
DYH2.1.1.m.28905,GO:0008569
DYHC,GO:0005874
EF1A.2.4.m.50858,GO:0005737
EF1A.1.3.m.30022,GO:0005737
EF2.4.5.m.30186,GO:0005829
EF2.5.5.m.39855,GO:0005829
ENO,GO:0006096
FAS,GO:0004314
FLNA.2.6.m.11845,GO:0005886
FLNA.2.5.m.37450,GO:0005576
FLNA.3.5.m.38669,GO:0005576
FLNC,GO:0030018
GBLP,GO:0051302
GELS2,GO:0051693
HMCN1,GO:0005604
H90A1,GO:0005829
IDLC,GO:0030175
SODC,GO:0001541
ANM1,GO:0005737
ITB1.1.1.m.59423,GO:0008305
KCY,GO:0005634
KS6A3,GO:0004672
GRN,GO:0005764
TBB.1.1.m.57452,GO:0005200
PDCD5,GO:0005829
ASNS,GO:0006541
DLRB2,GO:0007018
GLYC,GO:0006563
AN32A,GO:0006913
DYH10,GO:0005929
SDCB1,GO:0005737
HYDIN.2.6.m.7640,GO:0060438
HYDIN.4.6.m.27594,GO:0060438
YD541.1.2.m.22540,GO:0050662
YD541.2.2.m.55240,GO:0050662
PRP19,GO:0000398
TEKT1,GO:0030317
SPTCB,GO:0005546
SPTN5,GO:0005737
PMFBP,GO:0097224
CFA61,GO:0044782
SSPO.3.8.m.32060,GO:0030154
SSPO.6.8.m.41866,GO:0030154
SSPO.7.8.m.41875,GO:0030154
CALR.1.3.m.35108,GO:0030246
CALR.2.3.m.36820,GO:0030246
ITIH4.1.1.m.39091,GO:0030212
NXN,GO:0030154
DMBT1,GO:0005576
FAT4.1.1.m.65727,GO:0003007
LAMA,GO:0007498
SYNE1.1.2.m.37063,GO:0005521
SYNE1.2.2.m.54514,GO:0005521
CMC,GO:0005743
ATPD,GO:0005743
CO6A3,GO:0005615
DYH2.1.2.m.24785,GO:0008569
TBB.6.7.m.57854,GO:0005737
PCY2,GO:0008654
CATL,GO:0030154
AMY1,GO:0009617
ITB1.1.1.m.21821,GO:0008305
RL3,GO:0006412
ITIH4.1.1.m.39811,GO:0005576
TBA,GO:0005874
MATN1,GO:0005576
FAT4.1.1.m.34344,GO:0003007
MYO15,GO:0005524
MYS.4.7.m.18188,GO:0030016
MYS.7.7.m.44342,GO:0030016
PPIB,GO:0016018
SNO1,GO:0033784
OST48,GO:0018279
PAN2,GO:0004535
PCCA,GO:0005759
PCKG,GO:0046872
PDIA1,GO:0005783
PGBM,GO:0005178
UNC22.2.7.m.2274,GO:0005865
UNC22.3.7.m.20773,GO:0005865
UNC22.5.7.m.43551,GO:0005865
UNC22.7.7.m.54053,GO:0005865
LAMC1,GO:0033627
PLOD3,GO:0005615
PSMD2,GO:0005654
RCC1,GO:0000794
RL18A,GO:0003735
ROAA,GO:0005634
RS5,GO:0003729
S4A8,GO:0008510
SACS,GO:0006457
COR1B,GO:0005884
ZASP,GO:0005915
SPTCA.1.2.m.1905,GO:0005794
SPTCA.2.2.m.25615,GO:0005794
ZAN,GO:0098609
SYRC,GO:0005829
TBA3.2.9.m.9962,GO:0003924
TBA1,GO:0003924
TBA1A,GO:0005200
TBA3.1.1.m.5111,GO:0005200
TBB4,GO:0005200
TBB.1.1.m.40048,GO:0005737
TBB.1.7.m.12262,GO:0005737
TBB.7.7.m.63980,GO:0005737
TCPD,GO:0005929
UNC22.19.19.m.66288,GO:0005865
TITIN.8.19.m.35861,GO:0002020
TLN1,GO:0005178
TPP2,GO:0004252
U5S1,GO:0005525
VIGLN,GO:0005886
XRN2,GO:0005730
ZFR,GO:0003727
ABCE1,GO:0005739
THIM,GO:0071456
HTS,GO:0005886
KAD9.2.3.m.49697,GO:0005737
KAD9.3.3.m.63103,GO:0005737
ARP3,GO:0005885
AT1A,GO:0046872
AT2B3,GO:0005886
ATPB,GO:0046933
SVEP1,GO:0016020
IDHP,GO:0006099
ARMC4,GO:0007507
GLSN,GO:0016040
PDC6I,GO:0005829
RS13,GO:0045202
EIF3D,GO:0005852
RS26,GO:0098556
RPN1,GO:0016021
CRB,GO:0005737
C1QL4,GO:0048147
CALUB,GO:0033018
CALX,GO:0016021
CRNS1,GO:0016887
CATA.1.3.m.11120,GO:0042744
CATA.3.3.m.21642,GO:0042744
CNDP2,GO:0008233
MLP,GO:0010669
TITIN.m.27774,GO:0004674
CROCC,GO:0005814
COPG2,GO:0030126
DYH7.2.3.m.32353,GO:0007018
DYH5.1.2.m.56799,GO:0007018
DYH5.2.2.m.61452,GO:0007018
DYH6,GO:0008569
DYH7.2.2.m.46648,GO:0005829
H2B7,GO:0044877
DYH1,GO:0005930
DYH2.1.1.m.28905,GO:0030286
DYHC,GO:0007018
EF1A.2.4.m.50858,GO:0006412
EF1A.1.3.m.30022,GO:0006412
EF2.4.5.m.30186,GO:0006414
EF2.5.5.m.39855,GO:0006414
FAS,GO:0004315
FLNA.2.6.m.11845,GO:0007301
FLNA.2.5.m.37450,GO:0005634
FLNA.3.5.m.38669,GO:0005634
FLNC,GO:0030506
GBLP,GO:2000114
HMCN1,GO:0005913
H90A1,GO:0005886
IDLC,GO:0030286
SODC,GO:0001819
ANM1,GO:0005829
ITB1.1.1.m.59423,GO:0009986
KCY,GO:0005737
KS6A3,GO:0004674
GRN,GO:0005768
TBB.1.1.m.57452,GO:0005525
PDCD5,GO:0006915
ASNS,GO:0042149
DLRB2,GO:0036157
GLYC,GO:0019264
AN32A,GO:0048471
DYH10,GO:0007018
SDCB1,GO:0005789
HYDIN.2.6.m.7640,GO:1904158
HYDIN.4.6.m.27594,GO:1904158
YD541.1.2.m.22540,GO:1901426
YD541.2.2.m.55240,GO:1901426
PRP19,GO:0000974
TEKT1,GO:0036126
SPTCB,GO:0005886
SPTN5,GO:0005815
CALR.1.3.m.35108,GO:0033018
CALR.2.3.m.36820,GO:0033018
ITIH4.1.1.m.39091,GO:0034097
NXN,GO:0030178
DMBT1,GO:0005615
FAT4.1.1.m.65727,GO:0005509
LAMA,GO:0007507
SYNE1.1.2.m.37063,GO:0005634
SYNE1.2.2.m.54514,GO:0005634
CMC,GO:0006839
ATPD,GO:0005753
CO6A3,GO:0007155
DYH2.1.2.m.24785,GO:0030286
TBB.6.7.m.57854,GO:0005874
AMY1,GO:0016052
ITB1.1.1.m.21821,GO:0009986
RL3,GO:0022625
ITIH4.1.1.m.39811,GO:0005886
TBA,GO:0007017
MATN1,GO:0005615
FAT4.1.1.m.34344,GO:0005509
MYO15,GO:0005737
MYS.4.7.m.18188,GO:0032982
MYS.7.7.m.44342,GO:0032982
PPIB,GO:0032991
SNO1,GO:0050660
PAN2,GO:0005634
PCCA,GO:0019899
PDIA1,GO:0005788
PGBM,GO:0005509
UNC22.2.7.m.2274,GO:0006936
UNC22.3.7.m.20773,GO:0006936
UNC22.5.7.m.43551,GO:0006936
UNC22.7.7.m.54053,GO:0006936
LAMC1,GO:0034446
PLOD3,GO:0005783
PSMD2,GO:0005829
RCC1,GO:0003682
RL18A,GO:0005829
ROAA,GO:0005654
RS5,GO:0003735
S4A8,GO:0015301
SACS,GO:0030424
COR1B,GO:0005886
ZASP,GO:0005925
SPTCA.1.2.m.1905,GO:0005886
SPTCA.2.2.m.25615,GO:0005886
SYRC,GO:0006420
TBA3.2.9.m.9962,GO:0005200
TBA1,GO:0005200
TBA1A,GO:0005525
TBA3.1.1.m.5111,GO:0005525
TBB4,GO:0005525
TBB.1.1.m.40048,GO:0005874
TBB.1.7.m.12262,GO:0005874
TBB.7.7.m.63980,GO:0005874
TCPD,GO:0006457
UNC22.19.19.m.66288,GO:0006936
TITIN.8.19.m.35861,GO:0003007
TLN1,GO:0005200
TPP2,GO:0005654
U5S1,GO:0005654
VIGLN,GO:0006869
XRN2,GO:0006353
ZFR,GO:0005634
ABCE1,GO:0005829
THIM,GO:1901029
HTS,GO:0007098
KAD9.2.3.m.49697,GO:0005829
KAD9.3.3.m.63103,GO:0005829
ARP3,GO:0005903
AT2B3,GO:0005887
IDHP,GO:0006102
ARMC4,GO:0021591
GLSN,GO:0050660
PDC6I,GO:0005923
RS13,GO:0070181
EIF3D,GO:0006413
RPN1,GO:0018279
CRB,GO:0005819
C1QL4,GO:0070373
CALUB,GO:0042470
CALX,GO:0030246
CRNS1,GO:0035499
CATA.1.3.m.11120,GO:0046872
CATA.3.3.m.21642,GO:0046872
CNDP2,GO:0008237
MLP,GO:0016021
TITIN.m.27774,GO:0004713
CROCC,GO:0005829
DYH7.2.3.m.32353,GO:0008569
DYH5.1.2.m.56799,GO:0007368
DYH5.2.2.m.61452,GO:0007368
DYH6,GO:0030286
DYH7.2.2.m.46648,GO:0005858
H2B7,GO:0046982
DYH1,GO:0007018
DYH2.1.1.m.28905,GO:0031514
DYHC,GO:0030030
EF1A.2.4.m.50858,GO:0006414
EF1A.1.3.m.30022,GO:0006414
EF2.4.5.m.30186,GO:0010629
EF2.5.5.m.39855,GO:0010629
FAS,GO:0004316
FLNA.2.6.m.11845,GO:0007303
FLNA.2.5.m.37450,GO:0005730
FLNA.3.5.m.38669,GO:0005730
FLNC,GO:0042383
GBLP,GO:2000543
HMCN1,GO:0005938
H90A1,GO:0006457
IDLC,GO:0036159
SODC,GO:0001895
ANM1,GO:0006355
ITB1.1.1.m.59423,GO:0010710
KCY,GO:0006165
KS6A3,GO:0004711
GRN,GO:0005783
TBB.1.1.m.57452,GO:0005737
PDCD5,GO:0008201
ASNS,GO:0043066
DLRB2,GO:0045505
GLYC,GO:0030170
DYH10,GO:0008569
SDCB1,GO:0005829
HYDIN.2.6.m.7640,GO:1990718
HYDIN.4.6.m.27594,GO:1990718
PRP19,GO:0001833
TEKT1,GO:0060271
SPTCB,GO:0007009
SPTN5,GO:0005829
CALR.1.3.m.35108,GO:0050821
CALR.2.3.m.36820,GO:0050821
NXN,GO:0031397
DMBT1,GO:0005737
FAT4.1.1.m.65727,GO:0005886
LAMA,GO:0008021
SYNE1.1.2.m.37063,GO:0005635
SYNE1.2.2.m.54514,GO:0005635
CMC,GO:0015183
ATPD,GO:0015078
CO6A3,GO:0031012
DYH2.1.2.m.24785,GO:0031514
TBB.6.7.m.57854,GO:0007017
AMY1,GO:0016160
ITB1.1.1.m.21821,GO:0010710
ITIH4.1.1.m.39811,GO:0006953
MATN1,GO:0030198
FAT4.1.1.m.34344,GO:0005886
MYO15,GO:0007605
MYS.4.7.m.18188,GO:0051015
MYS.7.7.m.44342,GO:0051015
PPIB,GO:0042026
SNO1,GO:0050661
PAN2,GO:0006397
PCCA,GO:0046872
PDIA1,GO:0005793
PGBM,GO:0005576
UNC22.2.7.m.2274,GO:0008307
UNC22.3.7.m.20773,GO:0008307
UNC22.5.7.m.43551,GO:0008307
UNC22.7.7.m.54053,GO:0008307
LAMC1,GO:0061031
PLOD3,GO:0005788
PSMD2,GO:0005838
RCC1,GO:0005087
RL18A,GO:0006412
ROAA,GO:0005737
RS5,GO:0005654
S4A8,GO:0015701
SACS,GO:0030425
COR1B,GO:0008092
ZASP,GO:0005927
SPTCA.1.2.m.1905,GO:0005938
SPTCA.2.2.m.25615,GO:0005938
SYRC,GO:0017101
TBA3.2.9.m.9962,GO:0005525
TBA1,GO:0005525
TBA1A,GO:0005737
TBA3.1.1.m.5111,GO:0005737
TBB4,GO:0005737
TBB.1.1.m.40048,GO:0007017
TBB.1.7.m.12262,GO:0007017
TBB.7.7.m.63980,GO:0007017
TCPD,GO:0042470
UNC22.19.19.m.66288,GO:0008307
TITIN.8.19.m.35861,GO:0003300
TLN1,GO:0005576
TPP2,GO:0005737
U5S1,GO:0005681
VIGLN,GO:0008203
XRN2,GO:0006397
ZFR,GO:0005694
ABCE1,GO:0006413
THIM,GO:1902109
HTS,GO:0007282
KAD9.2.3.m.49697,GO:0006174
KAD9.3.3.m.63103,GO:0006174
ARP3,GO:0005911
AT2B3,GO:0006874
IDHP,GO:0006103
ARMC4,GO:0036158
GLSN,GO:0051538
PDC6I,GO:0005925
RS13,GO:1990932
EIF3D,GO:0016282
CRB,GO:0005886
CALX,GO:0042470
CRNS1,GO:0046872
CNDP2,GO:0016805
MLP,GO:0030197
TITIN.m.27774,GO:0005509
CROCC,GO:0005886
DYH7.2.3.m.32353,GO:0030286
DYH5.1.2.m.56799,GO:0007507
DYH5.2.2.m.61452,GO:0007507
DYH6,GO:0045503
DYH7.2.2.m.46648,GO:0005874
DYH1,GO:0007288
DYH2.1.1.m.28905,GO:0036156
DYHC,GO:0030286
EF2.4.5.m.30186,GO:0043022
EF2.5.5.m.39855,GO:0043022
FAS,GO:0004320
FLNA.2.6.m.11845,GO:0007616
FLNA.2.5.m.37450,GO:0005737
FLNA.3.5.m.38669,GO:0005737
FLNC,GO:0043034
HMCN1,GO:0007049
H90A1,GO:0007517
IDLC,GO:0045504
SODC,GO:0001975
ANM1,GO:0006479
ITB1.1.1.m.59423,GO:0016020
KCY,GO:0006207
KS6A3,GO:0005524
GRN,GO:0007165
TBB.1.1.m.57452,GO:0005874
PDCD5,GO:0008285
ASNS,GO:0045931
GLYC,GO:0035999
DYH10,GO:0030286
SDCB1,GO:0005856
PRP19,GO:0004842
TEKT1,GO:0060294
SPTCB,GO:0007026
SPTN5,GO:0006888
CALR.1.3.m.35108,GO:0051082
CALR.2.3.m.36820,GO:0051082
NXN,GO:0045454
DMBT1,GO:0006898
FAT4.1.1.m.65727,GO:0007009
LAMA,GO:0016321
SYNE1.1.2.m.37063,GO:0005640
SYNE1.2.2.m.54514,GO:0005640
CMC,GO:0015810
ATPD,GO:0015986
DYH2.1.2.m.24785,GO:0036156
AMY1,GO:0031404
ITB1.1.1.m.21821,GO:0016020
ITIH4.1.1.m.39811,GO:0030212
MATN1,GO:0030500
FAT4.1.1.m.34344,GO:0007009
MYO15,GO:0007626
PPIB,GO:0042470
SNO1,GO:0051289
PAN2,GO:0010606
PDIA1,GO:0006457
PGBM,GO:0005604
UNC22.2.7.m.2274,GO:0008344
UNC22.3.7.m.20773,GO:0008344
UNC22.5.7.m.43551,GO:0008344
UNC22.7.7.m.54053,GO:0008344
LAMC1,GO:0070831
PLOD3,GO:0005789
PSMD2,GO:0008540
RCC1,GO:0005634
RL18A,GO:0006413
ROAA,GO:0043565
RS5,GO:0005829
S4A8,GO:0016020
SACS,GO:0030544
COR1B,GO:0016477
ZASP,GO:0015629
SPTCA.1.2.m.1905,GO:0007009
SPTCA.2.2.m.25615,GO:0007009
TBA3.2.9.m.9962,GO:0005737
TBA1,GO:0005634
TBA1A,GO:0005874
TBA3.1.1.m.5111,GO:0005874
TBB4,GO:0005874
TCPD,GO:0051082
UNC22.19.19.m.66288,GO:0008344
TITIN.8.19.m.35861,GO:0004674
TLN1,GO:0005829
TPP2,GO:0005829
U5S1,GO:0005829
VIGLN,GO:0008289
XRN2,GO:0007283
ZFR,GO:0005737
ABCE1,GO:0006415
HTS,GO:0007294
KAD9.2.3.m.49697,GO:0006186
KAD9.3.3.m.63103,GO:0006186
ARP3,GO:0007163
AT2B3,GO:0015085
IDHP,GO:0051287
ARMC4,GO:0097546
GLSN,GO:0097054
PDC6I,GO:0006915
EIF3D,GO:0033290
CRB,GO:0007163
CALX,GO:0048488
CRNS1,GO:0047730
CNDP2,GO:0046872
TITIN.m.27774,GO:0005516
CROCC,GO:0007098
DYH7.2.3.m.32353,GO:0036156
DYH5.1.2.m.56799,GO:0008569
DYH5.2.2.m.61452,GO:0008569
DYH6,GO:0045505
DYH7.2.2.m.46648,GO:0005929
DYH1,GO:0008569
DYH2.1.1.m.28905,GO:0045503
DYHC,GO:0031514
EF2.4.5.m.30186,GO:0050829
EF2.5.5.m.39855,GO:0050829
FAS,GO:0005623
FLNA.2.6.m.11845,GO:0008045
FLNA.2.5.m.37450,GO:0005829
FLNA.3.5.m.38669,GO:0005829
FLNC,GO:0048747
HMCN1,GO:0007156
H90A1,GO:0009408
SODC,GO:0002262
ANM1,GO:0007552
ITB1.1.1.m.59423,GO:0030027
KCY,GO:0006221
KS6A3,GO:0005654
GRN,GO:0008083
TBB.1.1.m.57452,GO:0007017
PDCD5,GO:0010628
ASNS,GO:0070981
GLYC,GO:0046653
DYH10,GO:0045503
SDCB1,GO:0005886
PRP19,GO:0005634
SPTCB,GO:0007274
SPTN5,GO:0007030
NXN,GO:0047134
DMBT1,GO:0007275
FAT4.1.1.m.65727,GO:0007156
LAMA,GO:0030054
SYNE1.1.2.m.37063,GO:0005654
SYNE1.2.2.m.54514,GO:0005654
CMC,GO:0015813
ATPD,GO:0044877
DYH2.1.2.m.24785,GO:0045503
AMY1,GO:0103025
ITB1.1.1.m.21821,GO:0030027
ITIH4.1.1.m.39811,GO:0031089
MATN1,GO:0031012
FAT4.1.1.m.34344,GO:0007156
MYO15,GO:0016459
PPIB,GO:0051082
SNO1,GO:0055114
PAN2,GO:0031251
PDIA1,GO:0009897
PGBM,GO:0005615
UNC22.2.7.m.2274,GO:0018105
UNC22.3.7.m.20773,GO:0018105
UNC22.5.7.m.43551,GO:0018105
UNC22.7.7.m.54053,GO:0018105
LAMC1,GO:0085029
PLOD3,GO:0005791
PSMD2,GO:0016020
RCC1,GO:0005654
RL18A,GO:0006614
ROAA,GO:0045893
RS5,GO:0005925
S4A8,GO:0032809
SACS,GO:0051087
COR1B,GO:0030027
ZASP,GO:0016323
SPTCA.1.2.m.1905,GO:0007026
SPTCA.2.2.m.25615,GO:0007026
TBA3.2.9.m.9962,GO:0005874
TBA1,GO:0005737
TBA1A,GO:0005881
TBA3.1.1.m.5111,GO:0007017
TBB4,GO:0005879
UNC22.19.19.m.66288,GO:0018105
TITIN.8.19.m.35861,GO:0004713
TLN1,GO:0005856
TPP2,GO:0006508
U5S1,GO:0006397
VIGLN,GO:0034364
XRN2,GO:0008409
ZFR,GO:0007275
ABCE1,GO:0016887
HTS,GO:0007411
KAD9.2.3.m.49697,GO:0006756
KAD9.3.3.m.63103,GO:0006756
ARP3,GO:0008356
AT2B3,GO:0030165
PDC6I,GO:0010824
EIF3D,GO:0098808
CRB,GO:0007391
CALX,GO:0051082
CRNS1,GO:0102102
CNDP2,GO:0102008
TITIN.m.27774,GO:0005524
CROCC,GO:0008104
DYH7.2.3.m.32353,GO:0036159
DYH5.1.2.m.56799,GO:0021670
DYH5.2.2.m.61452,GO:0021670
DYH6,GO:0051959
DYH7.2.2.m.46648,GO:0007018
DYH1,GO:0030286
DYH2.1.1.m.28905,GO:0045505
EF2.4.5.m.30186,GO:1990904
EF2.5.5.m.39855,GO:1990904
FAS,GO:0006089
FLNA.2.6.m.11845,GO:0008104
FLNA.2.5.m.37450,GO:0005884
FLNA.3.5.m.38669,GO:0005884
FLNC,GO:0051015
HMCN1,GO:0007157
H90A1,GO:0009986
SODC,GO:0004784
ANM1,GO:0008170
ITB1.1.1.m.59423,GO:0031623
KCY,GO:0009041
KS6A3,GO:0005829
GRN,GO:0035578
PDCD5,GO:0010698
GLYC,GO:0051289
DYH10,GO:0045505
SDCB1,GO:0005895
PRP19,GO:0005662
SPTCB,GO:0007399
SPTN5,GO:0007041
NXN,GO:0072358
DMBT1,GO:0008329
FAT4.1.1.m.65727,GO:0007157
LAMA,GO:0030155
SYNE1.1.2.m.37063,GO:0005730
SYNE1.2.2.m.54514,GO:0005730
CMC,GO:0016021
ATPD,GO:0045259
DYH2.1.2.m.24785,GO:0045505
ITB1.1.1.m.21821,GO:0031623
ITIH4.1.1.m.39811,GO:0034097
MATN1,GO:0062023
FAT4.1.1.m.34344,GO:0007157
MYO15,GO:0032420
PPIB,GO:0061077
PAN2,GO:0046872
PDIA1,GO:0015037
PGBM,GO:0005796
UNC22.2.7.m.2274,GO:0018107
UNC22.3.7.m.20773,GO:0018107
UNC22.5.7.m.43551,GO:0018107
UNC22.7.7.m.54053,GO:0018107
PLOD3,GO:0005802
PSMD2,GO:0016579
RCC1,GO:0005737
RL18A,GO:0014069
ROAA,GO:0090575
RS5,GO:0006412
S4A8,GO:0043005
SACS,GO:0070628
COR1B,GO:0030036
ZASP,GO:0030018
SPTCA.1.2.m.1905,GO:0007274
SPTCA.2.2.m.25615,GO:0007274
TBA3.2.9.m.9962,GO:0007017
TBA1,GO:0005813
TBA1A,GO:0007017
TBB4,GO:0007017
UNC22.19.19.m.66288,GO:0018107
TITIN.8.19.m.35861,GO:0005200
TLN1,GO:0005925
TPP2,GO:0008240
U5S1,GO:0008380
VIGLN,GO:0034384
XRN2,GO:0016235
ZFR,GO:0008270
ABCE1,GO:0043024
HTS,GO:0007527
KAD9.2.3.m.49697,GO:0006757
KAD9.3.3.m.63103,GO:0006757
ARP3,GO:0016344
AT2B3,GO:0034220
PDC6I,GO:0015031
CRB,GO:0007399
CALX,GO:0072583
CNDP2,GO:0103046
TITIN.m.27774,GO:0005576
CROCC,GO:0010457
DYH7.2.3.m.32353,GO:0045503
DYH5.1.2.m.56799,GO:0030286
DYH5.2.2.m.61452,GO:0030286
DYH6,GO:0060285
DYH7.2.2.m.46648,GO:0008569
DYH1,GO:0030317
DYH2.1.1.m.28905,GO:0051959
FAS,GO:0006633
FLNA.2.6.m.11845,GO:0008302
FLNA.2.5.m.37450,GO:0005886
FLNA.3.5.m.38669,GO:0005886
HMCN1,GO:0009617
H90A1,GO:0010038
SODC,GO:0005507
ANM1,GO:0008276
ITB1.1.1.m.59423,GO:0032587
KCY,GO:0009142
KS6A3,GO:0007049
GRN,GO:0043312
PDCD5,GO:0043065
DYH10,GO:0051959
SDCB1,GO:0005925
PRP19,GO:0005737
SPTCB,GO:0007409
SPTN5,GO:0007411
DMBT1,GO:0009897
FAT4.1.1.m.65727,GO:0007219
LAMA,GO:0030334
SYNE1.1.2.m.37063,GO:0005737
SYNE1.2.2.m.54514,GO:0005737
CMC,GO:0022857
ATPD,GO:0045261
DYH2.1.2.m.24785,GO:0051959
ITB1.1.1.m.21821,GO:0032587
ITIH4.1.1.m.39811,GO:0062023
MATN1,GO:0065003
FAT4.1.1.m.34344,GO:0007219
MYO15,GO:0042472
PPIB,GO:1904027
PDIA1,GO:0016222
PGBM,GO:0005886
UNC22.2.7.m.2274,GO:0019901
UNC22.3.7.m.20773,GO:0019901
UNC22.5.7.m.43551,GO:0019901
UNC22.7.7.m.54053,GO:0019901
PLOD3,GO:0006493
PSMD2,GO:0022624
RCC1,GO:0007052
RL18A,GO:0016020
ROAA,GO:0099523
RS5,GO:0006413
S4A8,GO:0051453
SACS,GO:0070852
COR1B,GO:0031252
ZASP,GO:0030239
SPTCA.1.2.m.1905,GO:0007294
SPTCA.2.2.m.25615,GO:0007294
TBA3.2.9.m.9962,GO:0017022
TBA1,GO:0005819
TBA1A,GO:0019904
UNC22.19.19.m.66288,GO:0019901
TITIN.8.19.m.35861,GO:0005509
TLN1,GO:0006936
TPP2,GO:0016604
U5S1,GO:0015030
VIGLN,GO:0045296
XRN2,GO:0046872
ABCE1,GO:0060698
HTS,GO:0008302
KAD9.2.3.m.49697,GO:0015949
KAD9.3.3.m.63103,GO:0015949
ARP3,GO:0030027
AT2B3,GO:0046872
PDC6I,GO:0016020
CRB,GO:0007424
CALX,GO:0098793
TITIN.m.27774,GO:0005829
CROCC,GO:0010669
DYH7.2.3.m.32353,GO:0045505
DYH5.1.2.m.56799,GO:0030317
DYH5.2.2.m.61452,GO:0030317
DYH7.2.2.m.46648,GO:0030286
DYH1,GO:0036126
FAS,GO:0008659
FLNA.2.6.m.11845,GO:0008340
FLNA.2.5.m.37450,GO:0005911
FLNA.3.5.m.38669,GO:0005911
HMCN1,GO:0030054
H90A1,GO:0014866
SODC,GO:0005576
ANM1,GO:0008284
ITB1.1.1.m.59423,GO:0033627
KS6A3,GO:0007165
GRN,GO:0070062
PDCD5,GO:0043280
SDCB1,GO:0007265
PRP19,GO:0005811
SPTCB,GO:0007411
SPTN5,GO:0008091
DMBT1,GO:0015031
FAT4.1.1.m.65727,GO:0008543
LAMA,GO:0030424
SYNE1.1.2.m.37063,GO:0005794
SYNE1.2.2.m.54514,GO:0005794
CMC,GO:0042060
ATPD,GO:0046034
ITB1.1.1.m.21821,GO:0033627
ITIH4.1.1.m.39811,GO:0070062
FAT4.1.1.m.34344,GO:0008543
MYO15,GO:0070062
PDIA1,GO:0018401
PGBM,GO:0005925
UNC22.2.7.m.2274,GO:0030017
UNC22.3.7.m.20773,GO:0030017
UNC22.5.7.m.43551,GO:0030017
UNC22.7.7.m.54053,GO:0030017
PLOD3,GO:0008104
PSMD2,GO:0030234
RCC1,GO:0007059
RL18A,GO:0022625
ROAA,GO:1990837
RS5,GO:0006450
SACS,GO:0090084
COR1B,GO:0031529
ZASP,GO:0031252
SPTCA.1.2.m.1905,GO:0007308
SPTCA.2.2.m.25615,GO:0007308
TBA3.2.9.m.9962,GO:0048471
TBA1,GO:0005874
TBA1A,GO:0031594
UNC22.19.19.m.66288,GO:0030017
TITIN.8.19.m.35861,GO:0005516
TLN1,GO:0007016
TPP2,GO:0042802
U5S1,GO:0016020
ABCE1,GO:0060702
HTS,GO:0014069
KAD9.2.3.m.49697,GO:0019206
KAD9.3.3.m.63103,GO:0019206
ARP3,GO:0033206
AT2B3,GO:0051480
PDC6I,GO:0019058
CRB,GO:0007435
TITIN.m.27774,GO:0005865
CROCC,GO:0015629
DYH7.2.3.m.32353,GO:0051959
DYH5.1.2.m.56799,GO:0036157
DYH5.2.2.m.61452,GO:0036157
DYH7.2.2.m.46648,GO:0036156
DYH1,GO:0036156
FAS,GO:0016295
FLNA.2.6.m.11845,GO:0015629
FLNA.2.5.m.37450,GO:0005925
FLNA.3.5.m.38669,GO:0005925
HMCN1,GO:0032154
H90A1,GO:0016887
SODC,GO:0005615
ANM1,GO:0008469
ITB1.1.1.m.59423,GO:0038023
KS6A3,GO:0007417
PDCD5,GO:0048487
SDCB1,GO:0007268
PRP19,GO:0005819
SPTCB,GO:0008017
SPTN5,GO:0016020
DMBT1,GO:0016032
FAT4.1.1.m.65727,GO:0016021
LAMA,GO:0033627
SYNE1.1.2.m.37063,GO:0005856
SYNE1.2.2.m.54514,GO:0005856
CMC,GO:0042802
ATPD,GO:0046933
ITB1.1.1.m.21821,GO:0038023
ITIH4.1.1.m.39811,GO:0072562
FAT4.1.1.m.34344,GO:0016021
PDIA1,GO:0019899
PGBM,GO:0006024
UNC22.2.7.m.2274,GO:0030018
UNC22.3.7.m.20773,GO:0030018
UNC22.5.7.m.43551,GO:0030018
UNC22.7.7.m.54053,GO:0030018
PLOD3,GO:0008475
PSMD2,GO:0034515
RCC1,GO:0007088
RL18A,GO:0042788
ROAA,GO:1990904
RS5,GO:0006614
COR1B,GO:0034316
ZASP,GO:0042805
SPTCA.1.2.m.1905,GO:0007417
SPTCA.2.2.m.25615,GO:0007417
TBA1,GO:0007017
TBA1A,GO:0036464
UNC22.19.19.m.66288,GO:0030018
TITIN.8.19.m.35861,GO:0005524
TLN1,GO:0007043
U5S1,GO:0016607
HTS,GO:0016328
KAD9.2.3.m.49697,GO:0031965
KAD9.3.3.m.63103,GO:0031965
ARP3,GO:0034314
AT2B3,GO:0098793
PDC6I,GO:0031871
CRB,GO:0007443
TITIN.m.27774,GO:0006936
CROCC,GO:0019894
DYH5.1.2.m.56799,GO:0036158
DYH5.2.2.m.61452,GO:0036158
DYH7.2.2.m.46648,GO:0036159
DYH1,GO:0036159
FAS,GO:0016296
FLNA.2.6.m.11845,GO:0030018
FLNA.2.5.m.37450,GO:0007195
FLNA.3.5.m.38669,GO:0007195
HMCN1,GO:0038023
H90A1,GO:0030018
SODC,GO:0005634
ANM1,GO:0016274
ITB1.1.1.m.59423,GO:0042470
KS6A3,GO:0016301
PDCD5,GO:0071560
SDCB1,GO:0007346
PRP19,GO:0006303
SPTCB,GO:0008091
SPTN5,GO:0019894
DMBT1,GO:0019898
FAT4.1.1.m.65727,GO:0021987
LAMA,GO:0034446
SYNE1.1.2.m.37063,GO:0006997
SYNE1.2.2.m.54514,GO:0006997
CMC,GO:0043490
ATPD,GO:1902600
ITB1.1.1.m.21821,GO:0042470
FAT4.1.1.m.34344,GO:0021987
PDIA1,GO:0034663
PGBM,GO:0006027
UNC22.2.7.m.2274,GO:0031430
UNC22.3.7.m.20773,GO:0031430
UNC22.5.7.m.43551,GO:0031430
UNC22.7.7.m.54053,GO:0031430
PLOD3,GO:0017185
PSMD2,GO:0034774
RCC1,GO:0008536
RL18A,GO:0097327
RS5,GO:0016020
COR1B,GO:0035767
ZASP,GO:0045177
SPTCA.1.2.m.1905,GO:0008017
SPTCA.2.2.m.25615,GO:0008017
TBA1,GO:0007094
TBA1A,GO:0043209
UNC22.19.19.m.66288,GO:0031430
TITIN.8.19.m.35861,GO:0005859
TLN1,GO:0007044
U5S1,GO:0030623
HTS,GO:0030507
KAD9.2.3.m.49697,GO:0050145
KAD9.3.3.m.63103,GO:0050145
ARP3,GO:0035861
AT2B3,GO:0098978
PDC6I,GO:0036258
CRB,GO:0008284
TITIN.m.27774,GO:0006941
CROCC,GO:0032053
DYH5.1.2.m.56799,GO:0045503
DYH5.2.2.m.61452,GO:0045503
DYH7.2.2.m.46648,GO:0045503
DYH1,GO:0045503
FAS,GO:0031177
FLNA.2.6.m.11845,GO:0030708
FLNA.2.5.m.37450,GO:0008134
FLNA.3.5.m.38669,GO:0008134
HMCN1,GO:0042803
H90A1,GO:0030235
SODC,GO:0005654
ANM1,GO:0016571
ITB1.1.1.m.59423,GO:0046872
KS6A3,GO:0018105
PDCD5,GO:0090200
SDCB1,GO:0008022
PRP19,GO:0008610
SPTCB,GO:0008092
SPTN5,GO:0030036
DMBT1,GO:0030670
FAT4.1.1.m.65727,GO:0022008
LAMA,GO:0035001
SYNE1.1.2.m.37063,GO:0007030
SYNE1.2.2.m.54514,GO:0007030
ITB1.1.1.m.21821,GO:0046872
FAT4.1.1.m.34344,GO:0022008
PDIA1,GO:0034976
PGBM,GO:0006629
UNC22.2.7.m.2274,GO:0031672
UNC22.3.7.m.20773,GO:0031672
UNC22.5.7.m.43551,GO:0031672
UNC22.7.7.m.54053,GO:0031672
PLOD3,GO:0021915
PSMD2,GO:0042176
RCC1,GO:0016032
RS5,GO:0019843
COR1B,GO:0036120
ZASP,GO:0045178
SPTCA.1.2.m.1905,GO:0008091
SPTCA.2.2.m.25615,GO:0008091
TBA1,GO:0019730
TBA1A,GO:0045121
UNC22.19.19.m.66288,GO:0031672
TITIN.8.19.m.35861,GO:0005865
TLN1,GO:0007229
U5S1,GO:0035690
HTS,GO:0030723
KAD9.2.3.m.49697,GO:0061508
KAD9.3.3.m.63103,GO:0061508
ARP3,GO:0045944
AT2B3,GO:0098982
PDC6I,GO:0039702
CRB,GO:0016021
TITIN.m.27774,GO:0007076
CROCC,GO:0033365
DYH5.1.2.m.56799,GO:0045505
DYH5.2.2.m.61452,GO:0045505
DYH7.2.2.m.46648,GO:0045505
DYH1,GO:0045505
FAS,GO:0032100
FLNA.2.6.m.11845,GO:0030725
FLNA.2.5.m.37450,GO:0015459
FLNA.3.5.m.38669,GO:0015459
HMCN1,GO:0050839
H90A1,GO:0030239
SODC,GO:0005737
ANM1,GO:0018216
ITB1.1.1.m.59423,GO:0046982
KS6A3,GO:0019901
PDCD5,GO:1903638
SDCB1,GO:0008284
PRP19,GO:0010498
SPTCB,GO:0016199
SPTN5,GO:0030507
DMBT1,GO:0030855
FAT4.1.1.m.65727,GO:0035329
LAMA,GO:0035011
SYNE1.1.2.m.37063,GO:0007283
SYNE1.2.2.m.54514,GO:0007283
ITB1.1.1.m.21821,GO:0046982
FAT4.1.1.m.34344,GO:0035329
PDIA1,GO:0042470
PGBM,GO:0006898
UNC22.2.7.m.2274,GO:0035095
UNC22.3.7.m.20773,GO:0035095
UNC22.5.7.m.43551,GO:0035095
UNC22.7.7.m.54053,GO:0035095
PLOD3,GO:0030199
PSMD2,GO:0043161
RCC1,GO:0031491
RS5,GO:0022627
COR1B,GO:0042060
ZASP,GO:0046872
SPTCA.1.2.m.1905,GO:0008092
SPTCA.2.2.m.25615,GO:0008092
TBA1,GO:0048471
TBA1A,GO:0046982
UNC22.19.19.m.66288,GO:0035095
TITIN.8.19.m.35861,GO:0006936
TLN1,GO:0009986
U5S1,GO:0042220
HTS,GO:0030724
KAD9.2.3.m.49697,GO:0061565
KAD9.3.3.m.63103,GO:0061565
ARP3,GO:0051015
AT2B3,GO:1903561
PDC6I,GO:0042470
CRB,GO:0016028
TITIN.m.27774,GO:0008307
CROCC,GO:0035253
DYH5.1.2.m.56799,GO:0051959
DYH5.2.2.m.61452,GO:0051959
DYH7.2.2.m.46648,GO:0051959
DYH1,GO:0051959
FAS,GO:0047117
FLNA.2.6.m.11845,GO:0035182
FLNA.2.5.m.37450,GO:0015629
FLNA.3.5.m.38669,GO:0015629
HMCN1,GO:0051301
H90A1,GO:0030240
SODC,GO:0005739
ANM1,GO:0019919
ITB1.1.1.m.59423,GO:0055037
KS6A3,GO:0030307
PDCD5,GO:1903645
SDCB1,GO:0008289
PRP19,GO:0016607
SPTCB,GO:0016327
SPTN5,GO:0031941
DMBT1,GO:0031012
FAT4.1.1.m.65727,GO:0043931
LAMA,GO:0036062
SYNE1.1.2.m.37063,GO:0016021
SYNE1.2.2.m.54514,GO:0016021
ITB1.1.1.m.21821,GO:0055037
FAT4.1.1.m.34344,GO:0043931
PDIA1,GO:0045454
PGBM,GO:0006954
UNC22.2.7.m.2274,GO:0040017
UNC22.3.7.m.20773,GO:0040017
UNC22.5.7.m.43551,GO:0040017
UNC22.7.7.m.54053,GO:0040017
PLOD3,GO:0031418
PSMD2,GO:0043312
RCC1,GO:0031492
RS5,GO:0070062
COR1B,GO:0042802
ZASP,GO:0051371
SPTCA.1.2.m.1905,GO:0008360
SPTCA.2.2.m.25615,GO:0008360
TBA1A,GO:0050807
UNC22.19.19.m.66288,GO:0040017
TITIN.8.19.m.35861,GO:0007507
TLN1,GO:0016032
U5S1,GO:0046540
HTS,GO:0035183
KAD9.2.3.m.49697,GO:0061566
KAD9.3.3.m.63103,GO:0061566
ARP3,GO:0051653
AT2B3,GO:1903779
PDC6I,GO:0042641
CRB,GO:0016324
TITIN.m.27774,GO:0010628
CROCC,GO:0045494
DYH5.1.2.m.56799,GO:0060271
DYH5.2.2.m.61452,GO:0060271
DYH7.2.2.m.46648,GO:0060285
DYH1,GO:0060294
FAS,GO:0047451
FLNA.2.6.m.11845,GO:0035183
FLNA.2.5.m.37450,GO:0016020
FLNA.3.5.m.38669,GO:0016020
HMCN1,GO:0062023
H90A1,GO:0030241
SODC,GO:0005758
ANM1,GO:0022008
ITB1.1.1.m.59423,GO:0071404
KS6A3,GO:0032496
SDCB1,GO:0010718
PRP19,GO:0034450
SPTCB,GO:0016328
SPTN5,GO:0032029
DMBT1,GO:0035375
FAT4.1.1.m.65727,GO:0045177
LAMA,GO:0045886
SYNE1.1.2.m.37063,GO:0019899
SYNE1.2.2.m.54514,GO:0019899
ITB1.1.1.m.21821,GO:0071404
FAT4.1.1.m.34344,GO:0045177
PDIA1,GO:0046598
PGBM,GO:0007420
UNC22.2.7.m.2274,GO:0045214
UNC22.3.7.m.20773,GO:0045214
UNC22.5.7.m.43551,GO:0045214
UNC22.7.7.m.54053,GO:0045214
PLOD3,GO:0032870
PSMD2,GO:0043687
RCC1,GO:0031965
RS5,GO:1990904
COR1B,GO:0044877
ZASP,GO:0061061
SPTCA.1.2.m.1905,GO:0016199
SPTCA.2.2.m.25615,GO:0016199
TBA1A,GO:0055037
UNC22.19.19.m.66288,GO:0045214
TITIN.8.19.m.35861,GO:0007512
TLN1,GO:0017166
U5S1,GO:0071007
HTS,GO:0044853
KAD9.2.3.m.49697,GO:0061567
KAD9.3.3.m.63103,GO:0061567
ARP3,GO:0060271
AT2B3,GO:1905056
PDC6I,GO:0042803
CRB,GO:0016327
TITIN.m.27774,GO:0010737
CROCC,GO:0045724
DYH5.1.2.m.56799,GO:0097729
DYH5.2.2.m.61452,GO:0097729
FAS,GO:0102131
FLNA.2.6.m.11845,GO:0035204
FLNA.2.5.m.37450,GO:0016479
FLNA.3.5.m.38669,GO:0016479
H90A1,GO:0031672
SODC,GO:0005764
ANM1,GO:0031056
ITB1.1.1.m.59423,GO:0071438
KS6A3,GO:0035556
SDCB1,GO:0010862
PRP19,GO:0034613
SPTCB,GO:0030424
SPTN5,GO:0032391
DMBT1,GO:0038187
FAT4.1.1.m.65727,GO:0048565
LAMA,GO:0045995
SYNE1.1.2.m.37063,GO:0030017
SYNE1.2.2.m.54514,GO:0030017
ITB1.1.1.m.21821,GO:0071438
FAT4.1.1.m.34344,GO:0048565
PDIA1,GO:0046982
PGBM,GO:0008022
UNC22.2.7.m.2274,GO:0045989
UNC22.3.7.m.20773,GO:0045989
UNC22.5.7.m.43551,GO:0045989
UNC22.7.7.m.54053,GO:0045989
PLOD3,GO:0032963
PSMD2,GO:0070062
RCC1,GO:0032991
COR1B,GO:0048471
SPTCA.1.2.m.1905,GO:0016323
SPTCA.2.2.m.25615,GO:0016323
UNC22.19.19.m.66288,GO:0045989
TITIN.8.19.m.35861,GO:0008307
TLN1,GO:0030274
U5S1,GO:0071013
HTS,GO:0045169
KAD9.2.3.m.49697,GO:0061568
KAD9.3.3.m.63103,GO:0061568
ARP3,GO:0071346
AT2B3,GO:1990034
PDC6I,GO:0045199
CRB,GO:0016332
TITIN.m.27774,GO:0019899
CROCC,GO:0051656
FAS,GO:0102132
FLNA.2.6.m.11845,GO:0035324
FLNA.2.5.m.37450,GO:0017048
FLNA.3.5.m.38669,GO:0017048
H90A1,GO:0032991
SODC,GO:0005777
ANM1,GO:0034969
ITB1.1.1.m.59423,GO:1903078
KS6A3,GO:0043027
SDCB1,GO:0019838
PRP19,GO:0035861
SPTCB,GO:0030506
SPTN5,GO:0034452
DMBT1,GO:0042589
FAT4.1.1.m.65727,GO:0060122
SYNE1.1.2.m.37063,GO:0031965
SYNE1.2.2.m.54514,GO:0031965
ITB1.1.1.m.21821,GO:1903078
FAT4.1.1.m.34344,GO:0060122
PDIA1,GO:0071456
PGBM,GO:0016525
UNC22.2.7.m.2274,GO:0046872
UNC22.3.7.m.20773,GO:0046872
UNC22.5.7.m.43551,GO:0046872
UNC22.7.7.m.54053,GO:0046872
PLOD3,GO:0033823
PSMD2,GO:1904813
RCC1,GO:0042393
COR1B,GO:0051015
SPTCA.1.2.m.1905,GO:0030707
SPTCA.2.2.m.25615,GO:0030707
UNC22.19.19.m.66288,GO:0046872
TITIN.8.19.m.35861,GO:0010628
TLN1,GO:0030866
U5S1,GO:1990904
HTS,GO:0045170
KAD9.2.3.m.49697,GO:0061569
KAD9.3.3.m.63103,GO:0061569
PDC6I,GO:0046755
CRB,GO:0016334
TITIN.m.27774,GO:0019901
CROCC,GO:0070062
FLNA.2.6.m.11845,GO:0045179
FLNA.2.5.m.37450,GO:0017160
FLNA.3.5.m.38669,GO:0017160
H90A1,GO:0034605
SODC,GO:0005829
ANM1,GO:0035241
KS6A3,GO:0043066
SDCB1,GO:0030036
PRP19,GO:0042802
SPTCB,GO:0031594
SPTN5,GO:0043621
DMBT1,GO:0043152
FAT4.1.1.m.65727,GO:0072006
SYNE1.1.2.m.37063,GO:0034993
SYNE1.2.2.m.54514,GO:0034993
FAT4.1.1.m.34344,GO:0072006
PDIA1,GO:0098761
PGBM,GO:0030021
UNC22.2.7.m.2274,GO:0051015
UNC22.3.7.m.20773,GO:0051015
UNC22.5.7.m.43551,GO:0051015
UNC22.7.7.m.54053,GO:0051015
PLOD3,GO:0042311
RCC1,GO:0043199
COR1B,GO:0051017
SPTCA.1.2.m.1905,GO:0030727
SPTCA.2.2.m.25615,GO:0030727
UNC22.19.19.m.66288,GO:0051015
TITIN.8.19.m.35861,GO:0010737
TLN1,GO:0032587
HTS,GO:0045172
KAD9.2.3.m.49697,GO:0061570
KAD9.3.3.m.63103,GO:0061570
PDC6I,GO:0048306
CRB,GO:0030507
TITIN.m.27774,GO:0030017
CROCC,GO:1903566
FLNA.2.6.m.11845,GO:0045214
FLNA.2.5.m.37450,GO:0019900
FLNA.3.5.m.38669,GO:0019900
H90A1,GO:0042470
SODC,GO:0005886
ANM1,GO:0035242
KS6A3,GO:0043154
SDCB1,GO:0030307
PRP19,GO:0048026
SPTCB,GO:0042062
SPTN5,GO:0045505
DMBT1,GO:0044267
FAT4.1.1.m.65727,GO:0072137
SYNE1.1.2.m.37063,GO:0042692
SYNE1.2.2.m.54514,GO:0042692
FAT4.1.1.m.34344,GO:0072137
PDIA1,GO:1902175
PGBM,GO:0030154
UNC22.2.7.m.2274,GO:0051371
UNC22.3.7.m.20773,GO:0051371
UNC22.5.7.m.43551,GO:0051371
UNC22.7.7.m.54053,GO:0051371
PLOD3,GO:0046947
RCC1,GO:0046982
COR1B,GO:0070528
SPTCA.1.2.m.1905,GO:0031594
SPTCA.2.2.m.25615,GO:0031594
UNC22.19.19.m.66288,GO:0051371
TITIN.8.19.m.35861,GO:0019899
TLN1,GO:0033622
HTS,GO:0045214
KAD9.2.3.m.49697,GO:0061571
KAD9.3.3.m.63103,GO:0061571
PDC6I,GO:0051260
CRB,GO:0032435
TITIN.m.27774,GO:0030018
FLNA.2.6.m.11845,GO:0048149
FLNA.2.5.m.37450,GO:0021943
FLNA.3.5.m.38669,GO:0021943
H90A1,GO:0042803
SODC,GO:0006749
ANM1,GO:0042054
KS6A3,GO:0043555
SDCB1,GO:0030335
PRP19,GO:0061630
SPTCB,GO:0045169
SPTN5,GO:0051260
DMBT1,GO:0045087
FAT4.1.1.m.65727,GO:0072307
SYNE1.1.2.m.37063,GO:0042802
SYNE1.2.2.m.54514,GO:0042802
FAT4.1.1.m.34344,GO:0072307
PGBM,GO:0030198
UNC22.2.7.m.2274,GO:0051782
UNC22.3.7.m.20773,GO:0051782
UNC22.5.7.m.43551,GO:0051782
UNC22.7.7.m.54053,GO:0051782
PLOD3,GO:0048730
RCC1,GO:0051225
COR1B,GO:0071672
SPTCA.1.2.m.1905,GO:0042062
SPTCA.2.2.m.25615,GO:0042062
UNC22.19.19.m.66288,GO:0051782
TITIN.8.19.m.35861,GO:0019901
TLN1,GO:0035091
HTS,GO:0045478
PDC6I,GO:0061952
CRB,GO:0032880
TITIN.m.27774,GO:0030049
FLNA.2.6.m.11845,GO:0051495
FLNA.2.5.m.37450,GO:0021987
FLNA.3.5.m.38669,GO:0021987
H90A1,GO:0043025
SODC,GO:0006801
ANM1,GO:0042802
KS6A3,GO:0043620
SDCB1,GO:0030511
PRP19,GO:0070534
SPTCB,GO:0045170
SPTN5,GO:0051693
DMBT1,GO:0048306
SYNE1.1.2.m.37063,GO:0042803
SYNE1.2.2.m.54514,GO:0042803
PGBM,GO:0043202
UNC22.2.7.m.2274,GO:0060298
UNC22.3.7.m.20773,GO:0060298
UNC22.5.7.m.43551,GO:0060298
UNC22.7.7.m.54053,GO:0060298
PLOD3,GO:0050211
RCC1,GO:0051290
COR1B,GO:0071933
SPTCA.1.2.m.1905,GO:0045169
SPTCA.2.2.m.25615,GO:0045169
UNC22.19.19.m.66288,GO:0060298
TITIN.8.19.m.35861,GO:0021591
TLN1,GO:0036498
HTS,GO:0048134
PDC6I,GO:0070062
CRB,GO:0033157
TITIN.m.27774,GO:0030240
FLNA.2.5.m.37450,GO:0030018
FLNA.3.5.m.38669,GO:0030018
H90A1,GO:0043209
SODC,GO:0006879
ANM1,GO:0043985
KS6A3,GO:0045597
SDCB1,GO:0031965
PRP19,GO:0071006
SPTCB,GO:0048790
SPTN5,GO:0097381
DMBT1,GO:0050829
SYNE1.1.2.m.37063,GO:0045211
SYNE1.2.2.m.54514,GO:0045211
PGBM,GO:0044267
UNC22.2.7.m.2274,GO:0071688
UNC22.3.7.m.20773,GO:0071688
UNC22.5.7.m.43551,GO:0071688
UNC22.7.7.m.54053,GO:0071688
PLOD3,GO:0060425
RCC1,GO:0051301
COR1B,GO:0071944
SPTCA.1.2.m.1905,GO:0045170
SPTCA.2.2.m.25615,GO:0045170
UNC22.19.19.m.66288,GO:0071688
TITIN.8.19.m.35861,GO:0030016
TLN1,GO:0045296
HTS,GO:0048135
PDC6I,GO:0070830
CRB,GO:0034332
TITIN.m.27774,GO:0030241
FLNA.2.5.m.37450,GO:0030168
FLNA.3.5.m.38669,GO:0030168
H90A1,GO:0045429
SODC,GO:0006979
ANM1,GO:0044020
KS6A3,GO:0045944
SDCB1,GO:0032435
PRP19,GO:0071007
SPTCB,GO:0050807
DMBT1,GO:0050830
SYNE1.1.2.m.37063,GO:0051015
SYNE1.2.2.m.54514,GO:0051015
PGBM,GO:0050750
PLOD3,GO:0062023
COR1B,GO:0090135
SPTCA.1.2.m.1905,GO:0045478
SPTCA.2.2.m.25615,GO:0045478
TITIN.8.19.m.35861,GO:0030017
TLN1,GO:0051015
HTS,GO:0048477
PDC6I,GO:0070971
CRB,GO:0035002
TITIN.m.27774,GO:0031430
FLNA.2.5.m.37450,GO:0030334
FLNA.3.5.m.38669,GO:0030334
H90A1,GO:0048471
SODC,GO:0007283
ANM1,GO:0045652
SDCB1,GO:0042043
PRP19,GO:0071013
SPTCB,GO:0051693
DMBT1,GO:0051607
SYNE1.1.2.m.37063,GO:0090286
SYNE1.2.2.m.54514,GO:0090286
PGBM,GO:0060548
PLOD3,GO:0070831
COR1B,GO:1902463
SPTCA.1.2.m.1905,GO:0048134
SPTCA.2.2.m.25615,GO:0048134
TITIN.8.19.m.35861,GO:0030018
TLN1,GO:0070062
HTS,GO:0051015
PDC6I,GO:0090543
CRB,GO:0035003
TITIN.m.27774,GO:0031433
FLNA.2.5.m.37450,GO:0030863
FLNA.3.5.m.38669,GO:0030863
H90A1,GO:0048769
SODC,GO:0007566
ANM1,GO:0045653
SDCB1,GO:0042470
PRP19,GO:0072422
SPTCB,GO:0072499
DMBT1,GO:0061844
SYNE1.1.2.m.37063,GO:0090292
SYNE1.2.2.m.54514,GO:0090292
PGBM,GO:0062023
COR1B,GO:2000393
SPTCA.1.2.m.1905,GO:0048790
SPTCA.2.2.m.25615,GO:0048790
TITIN.8.19.m.35861,GO:0030240
TLN1,GO:0070527
HTS,GO:0051016
PDC6I,GO:0090559
CRB,GO:0035088
TITIN.m.27774,GO:0031674
FLNA.2.5.m.37450,GO:0031267
FLNA.3.5.m.38669,GO:0031267
H90A1,GO:0050821
SODC,GO:0007568
ANM1,GO:0045893
SDCB1,GO:0042803
DMBT1,GO:0070062
PGBM,GO:0070062
COR1B,GO:2000394
SPTCA.1.2.m.1905,GO:0050807
SPTCA.2.2.m.25615,GO:0050807
TITIN.8.19.m.35861,GO:0030241
HTS,GO:0051017
PDC6I,GO:0090611
CRB,GO:0035090
TITIN.m.27774,GO:0035995
FLNA.2.5.m.37450,GO:0031523
FLNA.3.5.m.38669,GO:0031523
H90A1,GO:0050900
SODC,GO:0007569
ANM1,GO:0051260
SDCB1,GO:0045121
DMBT1,GO:0070891
PGBM,GO:0072358
SPTCA.1.2.m.1905,GO:0051693
SPTCA.2.2.m.25615,GO:0051693
TITIN.8.19.m.35861,GO:0030506
HTS,GO:0061572
PDC6I,GO:1903543
CRB,GO:0035239
TITIN.m.27774,GO:0042802
FLNA.2.5.m.37450,GO:0031532
FLNA.3.5.m.38669,GO:0031532
H90A1,GO:0051082
SODC,GO:0007605
ANM1,GO:1904047
SDCB1,GO:0045545
DMBT1,GO:1904399
PGBM,GO:0098797
TITIN.8.19.m.35861,GO:0031430
HTS,GO:0072499
PDC6I,GO:1903551
CRB,GO:0035332
TITIN.m.27774,GO:0042805
FLNA.2.5.m.37450,GO:0031852
FLNA.3.5.m.38669,GO:0031852
H90A1,GO:0071688
SODC,GO:0007626
SDCB1,GO:0046875
PGBM,GO:1905907
TITIN.8.19.m.35861,GO:0031433
HTS,GO:0098793
PDC6I,GO:1903553
CRB,GO:0042051
TITIN.m.27774,GO:0043621
FLNA.2.5.m.37450,GO:0032233
FLNA.3.5.m.38669,GO:0032233
H90A1,GO:0097718
SODC,GO:0008089
SDCB1,GO:0046982
TITIN.8.19.m.35861,GO:0031672
HTS,GO:0098794
PDC6I,GO:1903561
CRB,GO:0042052
TITIN.m.27774,GO:0045214
FLNA.2.5.m.37450,GO:0034329
FLNA.3.5.m.38669,GO:0034329
SODC,GO:0008090
SDCB1,GO:0050839
TITIN.8.19.m.35861,GO:0031674
PPR32,GO:0019902
CALM.44.50.m.56751,GO:0005509
CALM.50.50.m.67046,GO:0005509
SH3BG,GO:0017124
GIGA6,GO:0016021
CFA57,GO:0060285
TCTP,GO:0005737
EFCB5,GO:0005509
NRP,GO:0005576
ELDP2,GO:0005576
SCP,GO:0005509
CRB,GO:0045176
TITIN.m.27774,GO:0045859
FLNA.2.5.m.37450,GO:0034394
FLNA.3.5.m.38669,GO:0034394
SODC,GO:0008217
SDCB1,GO:0070062
TITIN.8.19.m.35861,GO:0035995
CRB,GO:0045186
TITIN.m.27774,GO:0048739
FLNA.2.5.m.37450,GO:0034988
FLNA.3.5.m.38669,GO:0034988
SODC,GO:0008270
SDCB1,GO:0099054
TITIN.8.19.m.35861,GO:0042802
CRB,GO:0045218
TITIN.m.27774,GO:0048769
FLNA.2.5.m.37450,GO:0042177
FLNA.3.5.m.38669,GO:0042177
SODC,GO:0009408
TITIN.8.19.m.35861,GO:0042805
CRB,GO:0045494
TITIN.m.27774,GO:0050714
FLNA.2.5.m.37450,GO:0042307
FLNA.3.5.m.38669,GO:0042307
SODC,GO:0010033
TITIN.8.19.m.35861,GO:0043056
CRB,GO:0045570
TITIN.m.27774,GO:0050790
FLNA.2.5.m.37450,GO:0042789
FLNA.3.5.m.38669,GO:0042789
SODC,GO:0016532
TITIN.8.19.m.35861,GO:0043621
CRB,GO:0045746
TITIN.m.27774,GO:0051015
FLNA.2.5.m.37450,GO:0042803
FLNA.3.5.m.38669,GO:0042803
SODC,GO:0019226
TITIN.8.19.m.35861,GO:0045214
CRB,GO:0046621
TITIN.m.27774,GO:0051371
FLNA.2.5.m.37450,GO:0043025
FLNA.3.5.m.38669,GO:0043025
SODC,GO:0019430
TITIN.8.19.m.35861,GO:0045859
CRB,GO:0046664
TITIN.m.27774,GO:0051592
FLNA.2.5.m.37450,GO:0043066
FLNA.3.5.m.38669,GO:0043066
SODC,GO:0019899
TITIN.8.19.m.35861,GO:0048739
CRB,GO:0046665
TITIN.m.27774,GO:0055003
FLNA.2.5.m.37450,GO:0043113
FLNA.3.5.m.38669,GO:0043113
SODC,GO:0030141
TITIN.8.19.m.35861,GO:0048769
CRB,GO:0050821
TITIN.m.27774,GO:0055008
FLNA.2.5.m.37450,GO:0043123
FLNA.3.5.m.38669,GO:0043123
SODC,GO:0030346
TITIN.8.19.m.35861,GO:0050714
CRB,GO:0051301
TITIN.m.27774,GO:0060048
FLNA.2.5.m.37450,GO:0043198
FLNA.3.5.m.38669,GO:0043198
SODC,GO:0031045
TITIN.8.19.m.35861,GO:0050790
CRB,GO:0051642
TITIN.m.27774,GO:0070062
FLNA.2.5.m.37450,GO:0043433
FLNA.3.5.m.38669,GO:0043433
SODC,GO:0031410
TITIN.8.19.m.35861,GO:0051015
CRB,GO:0061024
TITIN.m.27774,GO:0071688
FLNA.2.5.m.37450,GO:0044319
FLNA.3.5.m.38669,GO:0044319
SODC,GO:0031667
TITIN.8.19.m.35861,GO:0051371
CRB,GO:0061336
TITIN.m.27774,GO:0097493
FLNA.2.5.m.37450,GO:0044325
FLNA.3.5.m.38669,GO:0044325
SODC,GO:0032287
TITIN.8.19.m.35861,GO:0051592
CRB,GO:0061541
FLNA.2.5.m.37450,GO:0045184
FLNA.3.5.m.38669,GO:0045184
SODC,GO:0032839
TITIN.8.19.m.35861,GO:0055002
CRB,GO:0098813
FLNA.2.5.m.37450,GO:0045296
FLNA.3.5.m.38669,GO:0045296
SODC,GO:0032930
TITIN.8.19.m.35861,GO:0055003
CRB,GO:0106036
FLNA.2.5.m.37450,GO:0046332
FLNA.3.5.m.38669,GO:0046332
SODC,GO:0032991
TITIN.8.19.m.35861,GO:0055008
FLNA.2.5.m.37450,GO:0048365
FLNA.3.5.m.38669,GO:0048365
SODC,GO:0034465
TITIN.8.19.m.35861,GO:0060048
FLNA.2.5.m.37450,GO:0048471
FLNA.3.5.m.38669,GO:0048471
SODC,GO:0035865
TITIN.8.19.m.35861,GO:0060419
FLNA.2.5.m.37450,GO:0050821
FLNA.3.5.m.38669,GO:0050821
SODC,GO:0040014
TITIN.8.19.m.35861,GO:0071688
FLNA.2.5.m.37450,GO:0051015
FLNA.3.5.m.38669,GO:0051015
SODC,GO:0042493
TITIN.8.19.m.35861,GO:1901897
FLNA.2.5.m.37450,GO:0051020
FLNA.3.5.m.38669,GO:0051020
SODC,GO:0042542
FLNA.2.5.m.37450,GO:0051220
FLNA.3.5.m.38669,GO:0051220
SODC,GO:0042554
FLNA.2.5.m.37450,GO:0051607
FLNA.3.5.m.38669,GO:0051607
SODC,GO:0042802
FLNA.2.5.m.37450,GO:0051764
FLNA.3.5.m.38669,GO:0051764
SODC,GO:0043005
FLNA.2.5.m.37450,GO:0060271
FLNA.3.5.m.38669,GO:0060271
SODC,GO:0043025
FLNA.2.5.m.37450,GO:0070062
FLNA.3.5.m.38669,GO:0070062
SODC,GO:0043066
FLNA.2.5.m.37450,GO:0070527
FLNA.3.5.m.38669,GO:0070527
SODC,GO:0043085
FLNA.2.5.m.37450,GO:0071526
FLNA.3.5.m.38669,GO:0071526
SODC,GO:0043087
FLNA.2.5.m.37450,GO:0072659
FLNA.3.5.m.38669,GO:0072659
SODC,GO:0043209
FLNA.2.5.m.37450,GO:0090307
FLNA.3.5.m.38669,GO:0090307
SODC,GO:0043524
FLNA.2.5.m.37450,GO:0097368
FLNA.3.5.m.38669,GO:0097368
SODC,GO:0045471
FLNA.2.5.m.37450,GO:0097440
FLNA.3.5.m.38669,GO:0097440
SODC,GO:0045541
FLNA.2.5.m.37450,GO:0098794
FLNA.3.5.m.38669,GO:0098794
SODC,GO:0045859
FLNA.2.5.m.37450,GO:0098978
FLNA.3.5.m.38669,GO:0098978
SODC,GO:0046688
FLNA.2.5.m.37450,GO:1900026
FLNA.3.5.m.38669,GO:1900026
SODC,GO:0046716
FLNA.2.5.m.37450,GO:1901381
FLNA.3.5.m.38669,GO:1901381
SODC,GO:0048365
FLNA.2.5.m.37450,GO:1902396
FLNA.3.5.m.38669,GO:1902396
SODC,GO:0048678
FLNA.2.5.m.37450,GO:1905000
FLNA.3.5.m.38669,GO:1905000
SODC,GO:0050665
FLNA.2.5.m.37450,GO:1905031
FLNA.3.5.m.38669,GO:1905031
SODC,GO:0051087
FLNA.2.5.m.37450,GO:2000179
FLNA.3.5.m.38669,GO:2000179
SODC,GO:0051881
FLNA.2.5.m.37450,GO:2001046
FLNA.3.5.m.38669,GO:2001046
SODC,GO:0060047
FLNA.2.5.m.37450,GO:2001224
FLNA.3.5.m.38669,GO:2001224
SODC,GO:0060052
SODC,GO:0060087
SODC,GO:0060088
SODC,GO:0062023
SODC,GO:0071276
SODC,GO:0071318
SODC,GO:0072593
SODC,GO:0097332
SODC,GO:1902177
SODC,GO:1904115
